land	∧	短縮よみ	U+2227 LOGICAL AND
Land	∧	短縮よみ	U+2227 LOGICAL AND
Mland	∧	短縮よみ	U+2227 LOGICAL AND
and	∧	短縮よみ	U+2227 LOGICAL AND
Mand	∧	短縮よみ	U+2227 LOGICAL AND
wedge	∧	短縮よみ	U+2227 LOGICAL AND
Mwedge	∧	短縮よみ	U+2227 LOGICAL AND
logicaland	∧	短縮よみ	U+2227 LOGICAL AND
Mlogicaland	∧	短縮よみ	U+2227 LOGICAL AND
conjunction	∧	短縮よみ	U+2227 LOGICAL AND
Mconjunction	∧	短縮よみ	U+2227 LOGICAL AND
lor	∨	短縮よみ	U+2228 LOGICAL OR
Lor	∨	短縮よみ	U+2228 LOGICAL OR
Mlor	∨	短縮よみ	U+2228 LOGICAL OR
or	∨	短縮よみ	U+2228 LOGICAL OR
Mor	∨	短縮よみ	U+2228 LOGICAL OR
vee	∨	短縮よみ	U+2228 LOGICAL OR
Mvee	∨	短縮よみ	U+2228 LOGICAL OR
logicalor	∨	短縮よみ	U+2228 LOGICAL OR
Mlogicalor	∨	短縮よみ	U+2228 LOGICAL OR
disjunction	∨	短縮よみ	U+2228 LOGICAL OR
Mdisjunction	∨	短縮よみ	U+2228 LOGICAL OR
bigwedge	⋀	短縮よみ	U+22C0 N-ARY LOGICAL AND
Mbigwedge	⋀	短縮よみ	U+22C0 N-ARY LOGICAL AND
andbig	⋀	短縮よみ	U+22C0 N-ARY LOGICAL AND
Mandbig	⋀	短縮よみ	U+22C0 N-ARY LOGICAL AND
bigvee	⋁	短縮よみ	U+22C1 N-ARY LOGICAL OR
Mbigvee	⋁	短縮よみ	U+22C1 N-ARY LOGICAL OR
orbig	⋁	短縮よみ	U+22C1 N-ARY LOGICAL OR
Morbig	⋁	短縮よみ	U+22C1 N-ARY LOGICAL OR
neg	¬	短縮よみ	U+00AC NOT SIGN
Mneg	¬	短縮よみ	U+00AC NOT SIGN
not	¬	短縮よみ	U+00AC NOT SIGN
Mnot	¬	短縮よみ	U+00AC NOT SIGN
lnot	¬	短縮よみ	U+00AC NOT SIGN
Lnot	¬	短縮よみ	U+00AC NOT SIGN
Mlnot	¬	短縮よみ	U+00AC NOT SIGN
notop	¬	短縮よみ	U+00AC NOT SIGN
Mnotop	¬	短縮よみ	U+00AC NOT SIGN
forall	∀	短縮よみ	U+2200 FOR ALL
Forall	∀	短縮よみ	U+2200 FOR ALL
Mforall	∀	短縮よみ	U+2200 FOR ALL
all	∀	短縮よみ	U+2200 FOR ALL
Mall	∀	短縮よみ	U+2200 FOR ALL
AA	∀	短縮よみ	U+2200 FOR ALL
MAA	∀	短縮よみ	U+2200 FOR ALL
exists	∃	短縮よみ	U+2203 THERE EXISTS
Exists	∃	短縮よみ	U+2203 THERE EXISTS
Mexists	∃	短縮よみ	U+2203 THERE EXISTS
exist	∃	短縮よみ	U+2203 THERE EXISTS
Mexist	∃	短縮よみ	U+2203 THERE EXISTS
EE	∃	短縮よみ	U+2203 THERE EXISTS
MEE	∃	短縮よみ	U+2203 THERE EXISTS
nexists	∄	短縮よみ	U+2204 THERE DOES NOT EXIST
Nexists	∄	短縮よみ	U+2204 THERE DOES NOT EXIST
Mnexists	∄	短縮よみ	U+2204 THERE DOES NOT EXIST
notexists	∄	短縮よみ	U+2204 THERE DOES NOT EXIST
Mnotexists	∄	短縮よみ	U+2204 THERE DOES NOT EXIST
implies	⇒	短縮よみ	U+21D2 RIGHTWARDS DOUBLE ARROW
Implies	⇒	短縮よみ	U+21D2 RIGHTWARDS DOUBLE ARROW
Mimplies	⇒	短縮よみ	U+21D2 RIGHTWARDS DOUBLE ARROW
Rightarrow	⇒	短縮よみ	U+21D2 RIGHTWARDS DOUBLE ARROW
MRightarrow	⇒	短縮よみ	U+21D2 RIGHTWARDS DOUBLE ARROW
rArr	⇒	短縮よみ	U+21D2 RIGHTWARDS DOUBLE ARROW
MrArr	⇒	短縮よみ	U+21D2 RIGHTWARDS DOUBLE ARROW
arrowrdouble	⇒	短縮よみ	U+21D2 RIGHTWARDS DOUBLE ARROW
Marrowrdouble	⇒	短縮よみ	U+21D2 RIGHTWARDS DOUBLE ARROW
impliedby	⇐	短縮よみ	U+21D0 LEFTWARDS DOUBLE ARROW
Impliedby	⇐	短縮よみ	U+21D0 LEFTWARDS DOUBLE ARROW
Mimpliedby	⇐	短縮よみ	U+21D0 LEFTWARDS DOUBLE ARROW
Leftarrow	⇐	短縮よみ	U+21D0 LEFTWARDS DOUBLE ARROW
MLeftarrow	⇐	短縮よみ	U+21D0 LEFTWARDS DOUBLE ARROW
lArr	⇐	短縮よみ	U+21D0 LEFTWARDS DOUBLE ARROW
MlArr	⇐	短縮よみ	U+21D0 LEFTWARDS DOUBLE ARROW
arrowldouble	⇐	短縮よみ	U+21D0 LEFTWARDS DOUBLE ARROW
Marrowldouble	⇐	短縮よみ	U+21D0 LEFTWARDS DOUBLE ARROW
iff	⇔	短縮よみ	U+21D4 LEFT RIGHT DOUBLE ARROW
Iff	⇔	短縮よみ	U+21D4 LEFT RIGHT DOUBLE ARROW
Miff	⇔	短縮よみ	U+21D4 LEFT RIGHT DOUBLE ARROW
Leftrightarrow	⇔	短縮よみ	U+21D4 LEFT RIGHT DOUBLE ARROW
MLeftrightarrow	⇔	短縮よみ	U+21D4 LEFT RIGHT DOUBLE ARROW
hArr	⇔	短縮よみ	U+21D4 LEFT RIGHT DOUBLE ARROW
MhArr	⇔	短縮よみ	U+21D4 LEFT RIGHT DOUBLE ARROW
equivarrow	⇔	短縮よみ	U+21D4 LEFT RIGHT DOUBLE ARROW
Mequivarrow	⇔	短縮よみ	U+21D4 LEFT RIGHT DOUBLE ARROW
to	→	短縮よみ	U+2192 RIGHTWARDS ARROW
Mto	→	短縮よみ	U+2192 RIGHTWARDS ARROW
rightarrow	→	短縮よみ	U+2192 RIGHTWARDS ARROW
Mrightarrow	→	短縮よみ	U+2192 RIGHTWARDS ARROW
rarr	→	短縮よみ	U+2192 RIGHTWARDS ARROW
Rarr	→	短縮よみ	U+2192 RIGHTWARDS ARROW
Mrarr	→	短縮よみ	U+2192 RIGHTWARDS ARROW
arrowr	→	短縮よみ	U+2192 RIGHTWARDS ARROW
Marrowr	→	短縮よみ	U+2192 RIGHTWARDS ARROW
from	←	短縮よみ	U+2190 LEFTWARDS ARROW
Mfrom	←	短縮よみ	U+2190 LEFTWARDS ARROW
leftarrow	←	短縮よみ	U+2190 LEFTWARDS ARROW
Mleftarrow	←	短縮よみ	U+2190 LEFTWARDS ARROW
larr	←	短縮よみ	U+2190 LEFTWARDS ARROW
Larr	←	短縮よみ	U+2190 LEFTWARDS ARROW
Mlarr	←	短縮よみ	U+2190 LEFTWARDS ARROW
arrowl	←	短縮よみ	U+2190 LEFTWARDS ARROW
Marrowl	←	短縮よみ	U+2190 LEFTWARDS ARROW
leftrightarrow	↔	短縮よみ	U+2194 LEFT RIGHT ARROW
Mleftrightarrow	↔	短縮よみ	U+2194 LEFT RIGHT ARROW
harr	↔	短縮よみ	U+2194 LEFT RIGHT ARROW
Harr	↔	短縮よみ	U+2194 LEFT RIGHT ARROW
Mharr	↔	短縮よみ	U+2194 LEFT RIGHT ARROW
arrowlr	↔	短縮よみ	U+2194 LEFT RIGHT ARROW
Marrowlr	↔	短縮よみ	U+2194 LEFT RIGHT ARROW
mapsto	↦	短縮よみ	U+21A6 RIGHTWARDS ARROW FROM BAR
Mapsto	↦	短縮よみ	U+21A6 RIGHTWARDS ARROW FROM BAR
Mmapsto	↦	短縮よみ	U+21A6 RIGHTWARDS ARROW FROM BAR
mapstoarrow	↦	短縮よみ	U+21A6 RIGHTWARDS ARROW FROM BAR
Mmapstoarrow	↦	短縮よみ	U+21A6 RIGHTWARDS ARROW FROM BAR
arrowrbar	↦	短縮よみ	U+21A6 RIGHTWARDS ARROW FROM BAR
Marrowrbar	↦	短縮よみ	U+21A6 RIGHTWARDS ARROW FROM BAR
mapsfrom	↤	短縮よみ	U+21A4 LEFTWARDS ARROW FROM BAR
Mmapsfrom	↤	短縮よみ	U+21A4 LEFTWARDS ARROW FROM BAR
arrowlbar	↤	短縮よみ	U+21A4 LEFTWARDS ARROW FROM BAR
Marrowlbar	↤	短縮よみ	U+21A4 LEFTWARDS ARROW FROM BAR
top	⊤	短縮よみ	U+22A4 DOWN TACK
Top	⊤	短縮よみ	U+22A4 DOWN TACK
Mtop	⊤	短縮よみ	U+22A4 DOWN TACK
TT	⊤	短縮よみ	U+22A4 DOWN TACK
MTT	⊤	短縮よみ	U+22A4 DOWN TACK
true	⊤	短縮よみ	U+22A4 DOWN TACK
Mtrue	⊤	短縮よみ	U+22A4 DOWN TACK
bot	⊥	短縮よみ	U+22A5 UP TACK
Bot	⊥	短縮よみ	U+22A5 UP TACK
Mbot	⊥	短縮よみ	U+22A5 UP TACK
bottom	⊥	短縮よみ	U+22A5 UP TACK
Mbottom	⊥	短縮よみ	U+22A5 UP TACK
false	⊥	短縮よみ	U+22A5 UP TACK
Mfalse	⊥	短縮よみ	U+22A5 UP TACK
vdash	⊢	短縮よみ	U+22A2 RIGHT TACK
Vdash	⊢	短縮よみ	U+22A2 RIGHT TACK
Mvdash	⊢	短縮よみ	U+22A2 RIGHT TACK
turnstile	⊢	短縮よみ	U+22A2 RIGHT TACK
Mturnstile	⊢	短縮よみ	U+22A2 RIGHT TACK
proves	⊢	短縮よみ	U+22A2 RIGHT TACK
Mproves	⊢	短縮よみ	U+22A2 RIGHT TACK
dashv	⊣	短縮よみ	U+22A3 LEFT TACK
Mdashv	⊣	短縮よみ	U+22A3 LEFT TACK
models	⊨	短縮よみ	U+22A8 TRUE
Models	⊨	短縮よみ	U+22A8 TRUE
Mmodels	⊨	短縮よみ	U+22A8 TRUE
entails	⊨	短縮よみ	U+22A8 TRUE
Mentails	⊨	短縮よみ	U+22A8 TRUE
nvdash	⊬	短縮よみ	U+22AC DOES NOT PROVE
Mnvdash	⊬	短縮よみ	U+22AC DOES NOT PROVE
notmodels	⊭	短縮よみ	U+22AD NOT TRUE
Mnotmodels	⊭	短縮よみ	U+22AD NOT TRUE
therefore	∴	短縮よみ	U+2234 THEREFORE
Therefore	∴	短縮よみ	U+2234 THEREFORE
Mtherefore	∴	短縮よみ	U+2234 THEREFORE
because	∵	短縮よみ	U+2235 BECAUSE
Because	∵	短縮よみ	U+2235 BECAUSE
Mbecause	∵	短縮よみ	U+2235 BECAUSE
eq	=	短縮よみ	U+003D EQUALS SIGN
Meq	=	短縮よみ	U+003D EQUALS SIGN
equals	=	短縮よみ	U+003D EQUALS SIGN
Mequals	=	短縮よみ	U+003D EQUALS SIGN
neq	≠	短縮よみ	U+2260 NOT EQUAL TO
Neq	≠	短縮よみ	U+2260 NOT EQUAL TO
Mneq	≠	短縮よみ	U+2260 NOT EQUAL TO
ne	≠	短縮よみ	U+2260 NOT EQUAL TO
Mne	≠	短縮よみ	U+2260 NOT EQUAL TO
noteq	≠	短縮よみ	U+2260 NOT EQUAL TO
Noteq	≠	短縮よみ	U+2260 NOT EQUAL TO
Mnoteq	≠	短縮よみ	U+2260 NOT EQUAL TO
eqnot	≠	短縮よみ	U+2260 NOT EQUAL TO
Meqnot	≠	短縮よみ	U+2260 NOT EQUAL TO
lt	<	短縮よみ	U+003C LESS-THAN SIGN
Mlt	<	短縮よみ	U+003C LESS-THAN SIGN
gt	>	短縮よみ	U+003E GREATER-THAN SIGN
Mgt	>	短縮よみ	U+003E GREATER-THAN SIGN
le	≤	短縮よみ	U+2264 LESS-THAN OR EQUAL TO
Mle	≤	短縮よみ	U+2264 LESS-THAN OR EQUAL TO
leq	≤	短縮よみ	U+2264 LESS-THAN OR EQUAL TO
Leq	≤	短縮よみ	U+2264 LESS-THAN OR EQUAL TO
Mleq	≤	短縮よみ	U+2264 LESS-THAN OR EQUAL TO
lesseq	≤	短縮よみ	U+2264 LESS-THAN OR EQUAL TO
Mlesseq	≤	短縮よみ	U+2264 LESS-THAN OR EQUAL TO
lte	≤	短縮よみ	U+2264 LESS-THAN OR EQUAL TO
Mlte	≤	短縮よみ	U+2264 LESS-THAN OR EQUAL TO
ge	≥	短縮よみ	U+2265 GREATER-THAN OR EQUAL TO
Mge	≥	短縮よみ	U+2265 GREATER-THAN OR EQUAL TO
geq	≥	短縮よみ	U+2265 GREATER-THAN OR EQUAL TO
Geq	≥	短縮よみ	U+2265 GREATER-THAN OR EQUAL TO
Mgeq	≥	短縮よみ	U+2265 GREATER-THAN OR EQUAL TO
greateq	≥	短縮よみ	U+2265 GREATER-THAN OR EQUAL TO
Mgreateq	≥	短縮よみ	U+2265 GREATER-THAN OR EQUAL TO
gte	≥	短縮よみ	U+2265 GREATER-THAN OR EQUAL TO
Mgte	≥	短縮よみ	U+2265 GREATER-THAN OR EQUAL TO
ll	≪	短縮よみ	U+226A MUCH LESS-THAN
Mll	≪	短縮よみ	U+226A MUCH LESS-THAN
muchless	≪	短縮よみ	U+226A MUCH LESS-THAN
Mmuchless	≪	短縮よみ	U+226A MUCH LESS-THAN
mlt	≪	短縮よみ	U+226A MUCH LESS-THAN
Mmlt	≪	短縮よみ	U+226A MUCH LESS-THAN
gg	≫	短縮よみ	U+226B MUCH GREATER-THAN
Mgg	≫	短縮よみ	U+226B MUCH GREATER-THAN
muchgreater	≫	短縮よみ	U+226B MUCH GREATER-THAN
Mmuchgreater	≫	短縮よみ	U+226B MUCH GREATER-THAN
mgt	≫	短縮よみ	U+226B MUCH GREATER-THAN
Mmgt	≫	短縮よみ	U+226B MUCH GREATER-THAN
prec	≺	短縮よみ	U+227A PRECEDES
Mprec	≺	短縮よみ	U+227A PRECEDES
succ	≻	短縮よみ	U+227B SUCCEEDS
Msucc	≻	短縮よみ	U+227B SUCCEEDS
preceq	≼	短縮よみ	U+227C PRECEDES OR EQUAL TO
Mpreceq	≼	短縮よみ	U+227C PRECEDES OR EQUAL TO
succeq	≽	短縮よみ	U+227D SUCCEEDS OR EQUAL TO
Msucceq	≽	短縮よみ	U+227D SUCCEEDS OR EQUAL TO
sim	∼	短縮よみ	U+223C TILDE OPERATOR
Msim	∼	短縮よみ	U+223C TILDE OPERATOR
tildeop	∼	短縮よみ	U+223C TILDE OPERATOR
Mtildeop	∼	短縮よみ	U+223C TILDE OPERATOR
nsim	≁	短縮よみ	U+2241 NOT TILDE
Mnsim	≁	短縮よみ	U+2241 NOT TILDE
simeq	≃	短縮よみ	U+2243 ASYMPTOTICALLY EQUAL TO
Msimeq	≃	短縮よみ	U+2243 ASYMPTOTICALLY EQUAL TO
cong	≅	短縮よみ	U+2245 APPROXIMATELY EQUAL TO
Cong	≅	短縮よみ	U+2245 APPROXIMATELY EQUAL TO
Mcong	≅	短縮よみ	U+2245 APPROXIMATELY EQUAL TO
ncong	≇	短縮よみ	U+2247 NEITHER APPROXIMATELY NOR ACTUALLY EQUAL TO
Mncong	≇	短縮よみ	U+2247 NEITHER APPROXIMATELY NOR ACTUALLY EQUAL TO
approx	≈	短縮よみ	U+2248 ALMOST EQUAL TO
Approx	≈	短縮よみ	U+2248 ALMOST EQUAL TO
Mapprox	≈	短縮よみ	U+2248 ALMOST EQUAL TO
almosteq	≈	短縮よみ	U+2248 ALMOST EQUAL TO
Malmosteq	≈	短縮よみ	U+2248 ALMOST EQUAL TO
napprox	≉	短縮よみ	U+2249 NOT ALMOST EQUAL TO
Mnapprox	≉	短縮よみ	U+2249 NOT ALMOST EQUAL TO
approxeq	≊	短縮よみ	U+224A ALMOST EQUAL OR EQUAL TO
Mapproxeq	≊	短縮よみ	U+224A ALMOST EQUAL OR EQUAL TO
equiv	≡	短縮よみ	U+2261 IDENTICAL TO
Equiv	≡	短縮よみ	U+2261 IDENTICAL TO
Mequiv	≡	短縮よみ	U+2261 IDENTICAL TO
identical	≡	短縮よみ	U+2261 IDENTICAL TO
Midentical	≡	短縮よみ	U+2261 IDENTICAL TO
nequiv	≢	短縮よみ	U+2262 NOT IDENTICAL TO
Mnequiv	≢	短縮よみ	U+2262 NOT IDENTICAL TO
prop	∝	短縮よみ	U+221D PROPORTIONAL TO
Prop	∝	短縮よみ	U+221D PROPORTIONAL TO
Mprop	∝	短縮よみ	U+221D PROPORTIONAL TO
propto	∝	短縮よみ	U+221D PROPORTIONAL TO
Mpropto	∝	短縮よみ	U+221D PROPORTIONAL TO
proportional	∝	短縮よみ	U+221D PROPORTIONAL TO
Mproportional	∝	短縮よみ	U+221D PROPORTIONAL TO
parallel	∥	短縮よみ	U+2225 PARALLEL TO
Parallel	∥	短縮よみ	U+2225 PARALLEL TO
Mparallel	∥	短縮よみ	U+2225 PARALLEL TO
nparallel	∦	短縮よみ	U+2226 NOT PARALLEL TO
Mnparallel	∦	短縮よみ	U+2226 NOT PARALLEL TO
notparallel	∦	短縮よみ	U+2226 NOT PARALLEL TO
Mnotparallel	∦	短縮よみ	U+2226 NOT PARALLEL TO
perp	⟂	短縮よみ	U+27C2 PERPENDICULAR
Perp	⟂	短縮よみ	U+27C2 PERPENDICULAR
Mperp	⟂	短縮よみ	U+27C2 PERPENDICULAR
perpendicular	⟂	短縮よみ	U+27C2 PERPENDICULAR
Mperpendicular	⟂	短縮よみ	U+27C2 PERPENDICULAR
mid	∣	短縮よみ	U+2223 DIVIDES
Mid	∣	短縮よみ	U+2223 DIVIDES
Mmid	∣	短縮よみ	U+2223 DIVIDES
divides	∣	短縮よみ	U+2223 DIVIDES
Mdivides	∣	短縮よみ	U+2223 DIVIDES
nmid	∤	短縮よみ	U+2224 DOES NOT DIVIDE
Mnmid	∤	短縮よみ	U+2224 DOES NOT DIVIDE
notdivides	∤	短縮よみ	U+2224 DOES NOT DIVIDE
Mnotdivides	∤	短縮よみ	U+2224 DOES NOT DIVIDE
asymp	≍	短縮よみ	U+224D EQUIVALENT TO
Masymp	≍	短縮よみ	U+224D EQUIVALENT TO
doteq	≐	短縮よみ	U+2250 APPROACHES THE LIMIT
Mdoteq	≐	短縮よみ	U+2250 APPROACHES THE LIMIT
coloneq	≔	短縮よみ	U+2254 COLON EQUALS
Mcoloneq	≔	短縮よみ	U+2254 COLON EQUALS
assign	≔	短縮よみ	U+2254 COLON EQUALS
Massign	≔	短縮よみ	U+2254 COLON EQUALS
eqcolon	≕	短縮よみ	U+2255 EQUALS COLON
Meqcolon	≕	短縮よみ	U+2255 EQUALS COLON
defeq	≝	短縮よみ	U+225D EQUAL TO BY DEFINITION
Mdefeq	≝	短縮よみ	U+225D EQUAL TO BY DEFINITION
measeq	≟	短縮よみ	U+225F QUESTIONED EQUAL TO
Mmeaseq	≟	短縮よみ	U+225F QUESTIONED EQUAL TO
questeq	≟	短縮よみ	U+225F QUESTIONED EQUAL TO
Mquesteq	≟	短縮よみ	U+225F QUESTIONED EQUAL TO
in	∈	短縮よみ	U+2208 ELEMENT OF
Min	∈	短縮よみ	U+2208 ELEMENT OF
isin	∈	短縮よみ	U+2208 ELEMENT OF
Misin	∈	短縮よみ	U+2208 ELEMENT OF
elementof	∈	短縮よみ	U+2208 ELEMENT OF
Melementof	∈	短縮よみ	U+2208 ELEMENT OF
notin	∉	短縮よみ	U+2209 NOT AN ELEMENT OF
Notin	∉	短縮よみ	U+2209 NOT AN ELEMENT OF
Mnotin	∉	短縮よみ	U+2209 NOT AN ELEMENT OF
nin	∉	短縮よみ	U+2209 NOT AN ELEMENT OF
Mnin	∉	短縮よみ	U+2209 NOT AN ELEMENT OF
notmember	∉	短縮よみ	U+2209 NOT AN ELEMENT OF
Mnotmember	∉	短縮よみ	U+2209 NOT AN ELEMENT OF
ni	∋	短縮よみ	U+220B CONTAINS AS MEMBER
Mni	∋	短縮よみ	U+220B CONTAINS AS MEMBER
owns	∋	短縮よみ	U+220B CONTAINS AS MEMBER
Mowns	∋	短縮よみ	U+220B CONTAINS AS MEMBER
containsas	∋	短縮よみ	U+220B CONTAINS AS MEMBER
Mcontainsas	∋	短縮よみ	U+220B CONTAINS AS MEMBER
notni	∌	短縮よみ	U+220C DOES NOT CONTAIN AS MEMBER
Mnotni	∌	短縮よみ	U+220C DOES NOT CONTAIN AS MEMBER
sub	⊂	短縮よみ	U+2282 SUBSET OF
Msub	⊂	短縮よみ	U+2282 SUBSET OF
subset	⊂	短縮よみ	U+2282 SUBSET OF
Subset	⊂	短縮よみ	U+2282 SUBSET OF
Msubset	⊂	短縮よみ	U+2282 SUBSET OF
sup	⊃	短縮よみ	U+2283 SUPERSET OF
Msup	⊃	短縮よみ	U+2283 SUPERSET OF
supset	⊃	短縮よみ	U+2283 SUPERSET OF
Supset	⊃	短縮よみ	U+2283 SUPERSET OF
Msupset	⊃	短縮よみ	U+2283 SUPERSET OF
sube	⊆	短縮よみ	U+2286 SUBSET OF OR EQUAL TO
Msube	⊆	短縮よみ	U+2286 SUBSET OF OR EQUAL TO
subseteq	⊆	短縮よみ	U+2286 SUBSET OF OR EQUAL TO
Subseteq	⊆	短縮よみ	U+2286 SUBSET OF OR EQUAL TO
Msubseteq	⊆	短縮よみ	U+2286 SUBSET OF OR EQUAL TO
supe	⊇	短縮よみ	U+2287 SUPERSET OF OR EQUAL TO
Msupe	⊇	短縮よみ	U+2287 SUPERSET OF OR EQUAL TO
supseteq	⊇	短縮よみ	U+2287 SUPERSET OF OR EQUAL TO
Supseteq	⊇	短縮よみ	U+2287 SUPERSET OF OR EQUAL TO
Msupseteq	⊇	短縮よみ	U+2287 SUPERSET OF OR EQUAL TO
nsubseteq	⊈	短縮よみ	U+2288 NEITHER A SUBSET OF NOR EQUAL TO
Mnsubseteq	⊈	短縮よみ	U+2288 NEITHER A SUBSET OF NOR EQUAL TO
nsupseteq	⊉	短縮よみ	U+2289 NEITHER A SUPERSET OF NOR EQUAL TO
Mnsupseteq	⊉	短縮よみ	U+2289 NEITHER A SUPERSET OF NOR EQUAL TO
subsetneq	⊊	短縮よみ	U+228A SUBSET OF WITH NOT EQUAL TO
Msubsetneq	⊊	短縮よみ	U+228A SUBSET OF WITH NOT EQUAL TO
supsetneq	⊋	短縮よみ	U+228B SUPERSET OF WITH NOT EQUAL TO
Msupsetneq	⊋	短縮よみ	U+228B SUPERSET OF WITH NOT EQUAL TO
sqsubset	⊏	短縮よみ	U+228F SQUARE IMAGE OF
Msqsubset	⊏	短縮よみ	U+228F SQUARE IMAGE OF
sqsupset	⊐	短縮よみ	U+2290 SQUARE ORIGINAL OF
Msqsupset	⊐	短縮よみ	U+2290 SQUARE ORIGINAL OF
sqsubseteq	⊑	短縮よみ	U+2291 SQUARE IMAGE OF OR EQUAL TO
Msqsubseteq	⊑	短縮よみ	U+2291 SQUARE IMAGE OF OR EQUAL TO
sqsupseteq	⊒	短縮よみ	U+2292 SQUARE ORIGINAL OF OR EQUAL TO
Msqsupseteq	⊒	短縮よみ	U+2292 SQUARE ORIGINAL OF OR EQUAL TO
cup	∪	短縮よみ	U+222A UNION
Cup	∪	短縮よみ	U+222A UNION
Mcup	∪	短縮よみ	U+222A UNION
union	∪	短縮よみ	U+222A UNION
Munion	∪	短縮よみ	U+222A UNION
cap	∩	短縮よみ	U+2229 INTERSECTION
Cap	∩	短縮よみ	U+2229 INTERSECTION
Mcap	∩	短縮よみ	U+2229 INTERSECTION
inter	∩	短縮よみ	U+2229 INTERSECTION
Minter	∩	短縮よみ	U+2229 INTERSECTION
intersection	∩	短縮よみ	U+2229 INTERSECTION
Mintersection	∩	短縮よみ	U+2229 INTERSECTION
bigcup	⋃	短縮よみ	U+22C3 N-ARY UNION
Bigcup	⋃	短縮よみ	U+22C3 N-ARY UNION
Mbigcup	⋃	短縮よみ	U+22C3 N-ARY UNION
bigcap	⋂	短縮よみ	U+22C2 N-ARY INTERSECTION
Bigcap	⋂	短縮よみ	U+22C2 N-ARY INTERSECTION
Mbigcap	⋂	短縮よみ	U+22C2 N-ARY INTERSECTION
setminus	∖	短縮よみ	U+2216 SET MINUS
Setminus	∖	短縮よみ	U+2216 SET MINUS
Msetminus	∖	短縮よみ	U+2216 SET MINUS
smallsetminus	∖	短縮よみ	U+2216 SET MINUS
Msmallsetminus	∖	短縮よみ	U+2216 SET MINUS
complement	∁	短縮よみ	U+2201 COMPLEMENT
Mcomplement	∁	短縮よみ	U+2201 COMPLEMENT
empty	∅	短縮よみ	U+2205 EMPTY SET
Mempty	∅	短縮よみ	U+2205 EMPTY SET
emptyset	∅	短縮よみ	U+2205 EMPTY SET
Emptyset	∅	短縮よみ	U+2205 EMPTY SET
Memptyset	∅	短縮よみ	U+2205 EMPTY SET
varnothing	∅	短縮よみ	U+2205 EMPTY SET
Mvarnothing	∅	短縮よみ	U+2205 EMPTY SET
powerset	℘	短縮よみ	U+2118 SCRIPT CAPITAL P
Mpowerset	℘	短縮よみ	U+2118 SCRIPT CAPITAL P
wp	℘	短縮よみ	U+2118 SCRIPT CAPITAL P
Mwp	℘	短縮よみ	U+2118 SCRIPT CAPITAL P
uplus	⊎	短縮よみ	U+228E MULTISET UNION
Muplus	⊎	短縮よみ	U+228E MULTISET UNION
disjointunion	⊎	短縮よみ	U+228E MULTISET UNION
Mdisjointunion	⊎	短縮よみ	U+228E MULTISET UNION
sqcup	⊔	短縮よみ	U+2294 SQUARE CUP
Msqcup	⊔	短縮よみ	U+2294 SQUARE CUP
sqcap	⊓	短縮よみ	U+2293 SQUARE CAP
Msqcap	⊓	短縮よみ	U+2293 SQUARE CAP
pm	±	短縮よみ	U+00B1 PLUS-MINUS SIGN
Pm	±	短縮よみ	U+00B1 PLUS-MINUS SIGN
Mpm	±	短縮よみ	U+00B1 PLUS-MINUS SIGN
plusminus	±	短縮よみ	U+00B1 PLUS-MINUS SIGN
Mplusminus	±	短縮よみ	U+00B1 PLUS-MINUS SIGN
mp	∓	短縮よみ	U+2213 MINUS-OR-PLUS SIGN
Mp	∓	短縮よみ	U+2213 MINUS-OR-PLUS SIGN
Mmp	∓	短縮よみ	U+2213 MINUS-OR-PLUS SIGN
minusplus	∓	短縮よみ	U+2213 MINUS-OR-PLUS SIGN
Mminusplus	∓	短縮よみ	U+2213 MINUS-OR-PLUS SIGN
times	×	短縮よみ	U+00D7 MULTIPLICATION SIGN
Times	×	短縮よみ	U+00D7 MULTIPLICATION SIGN
Mtimes	×	短縮よみ	U+00D7 MULTIPLICATION SIGN
xx	×	短縮よみ	U+00D7 MULTIPLICATION SIGN
Mxx	×	短縮よみ	U+00D7 MULTIPLICATION SIGN
mul	×	短縮よみ	U+00D7 MULTIPLICATION SIGN
Mul	×	短縮よみ	U+00D7 MULTIPLICATION SIGN
Mmul	×	短縮よみ	U+00D7 MULTIPLICATION SIGN
div	÷	短縮よみ	U+00F7 DIVISION SIGN
Div	÷	短縮よみ	U+00F7 DIVISION SIGN
Mdiv	÷	短縮よみ	U+00F7 DIVISION SIGN
divide	÷	短縮よみ	U+00F7 DIVISION SIGN
Mdivide	÷	短縮よみ	U+00F7 DIVISION SIGN
cdot	⋅	短縮よみ	U+22C5 DOT OPERATOR
Cdot	⋅	短縮よみ	U+22C5 DOT OPERATOR
Mcdot	⋅	短縮よみ	U+22C5 DOT OPERATOR
dot	⋅	短縮よみ	U+22C5 DOT OPERATOR
Dot	⋅	短縮よみ	U+22C5 DOT OPERATOR
Mdot	⋅	短縮よみ	U+22C5 DOT OPERATOR
dotop	⋅	短縮よみ	U+22C5 DOT OPERATOR
Mdotop	⋅	短縮よみ	U+22C5 DOT OPERATOR
bullet	∙	短縮よみ	U+2219 BULLET OPERATOR
Mbullet	∙	短縮よみ	U+2219 BULLET OPERATOR
ast	∗	短縮よみ	U+2217 ASTERISK OPERATOR
Mast	∗	短縮よみ	U+2217 ASTERISK OPERATOR
asterisk	∗	短縮よみ	U+2217 ASTERISK OPERATOR
Masterisk	∗	短縮よみ	U+2217 ASTERISK OPERATOR
star	⋆	短縮よみ	U+22C6 STAR OPERATOR
Mstar	⋆	短縮よみ	U+22C6 STAR OPERATOR
circ	∘	短縮よみ	U+2218 RING OPERATOR
Circ	∘	短縮よみ	U+2218 RING OPERATOR
Mcirc	∘	短縮よみ	U+2218 RING OPERATOR
compose	∘	短縮よみ	U+2218 RING OPERATOR
Compose	∘	短縮よみ	U+2218 RING OPERATOR
Mcompose	∘	短縮よみ	U+2218 RING OPERATOR
comp	∘	短縮よみ	U+2218 RING OPERATOR
Mcomp	∘	短縮よみ	U+2218 RING OPERATOR
oplus	⊕	短縮よみ	U+2295 CIRCLED PLUS
Oplus	⊕	短縮よみ	U+2295 CIRCLED PLUS
Moplus	⊕	短縮よみ	U+2295 CIRCLED PLUS
ominus	⊖	短縮よみ	U+2296 CIRCLED MINUS
Mominus	⊖	短縮よみ	U+2296 CIRCLED MINUS
otimes	⊗	短縮よみ	U+2297 CIRCLED TIMES
Otimes	⊗	短縮よみ	U+2297 CIRCLED TIMES
Motimes	⊗	短縮よみ	U+2297 CIRCLED TIMES
oslash	⊘	短縮よみ	U+2298 CIRCLED DIVISION SLASH
Moslash	⊘	短縮よみ	U+2298 CIRCLED DIVISION SLASH
odot	⊙	短縮よみ	U+2299 CIRCLED DOT OPERATOR
Modot	⊙	短縮よみ	U+2299 CIRCLED DOT OPERATOR
bigoplus	⨁	短縮よみ	U+2A01 N-ARY CIRCLED PLUS OPERATOR
Mbigoplus	⨁	短縮よみ	U+2A01 N-ARY CIRCLED PLUS OPERATOR
bigotimes	⨂	短縮よみ	U+2A02 N-ARY CIRCLED TIMES OPERATOR
Mbigotimes	⨂	短縮よみ	U+2A02 N-ARY CIRCLED TIMES OPERATOR
bigodot	⨀	短縮よみ	U+2A00 N-ARY CIRCLED DOT OPERATOR
Mbigodot	⨀	短縮よみ	U+2A00 N-ARY CIRCLED DOT OPERATOR
sum	∑	短縮よみ	U+2211 N-ARY SUMMATION
Sum	∑	短縮よみ	U+2211 N-ARY SUMMATION
Msum	∑	短縮よみ	U+2211 N-ARY SUMMATION
Sigmaop	∑	短縮よみ	U+2211 N-ARY SUMMATION
MSigmaop	∑	短縮よみ	U+2211 N-ARY SUMMATION
prod	∏	短縮よみ	U+220F N-ARY PRODUCT
Prod	∏	短縮よみ	U+220F N-ARY PRODUCT
Mprod	∏	短縮よみ	U+220F N-ARY PRODUCT
Piop	∏	短縮よみ	U+220F N-ARY PRODUCT
MPiop	∏	短縮よみ	U+220F N-ARY PRODUCT
coprod	∐	短縮よみ	U+2210 N-ARY COPRODUCT
Mcoprod	∐	短縮よみ	U+2210 N-ARY COPRODUCT
sqrt	√	短縮よみ	U+221A SQUARE ROOT
Sqrt	√	短縮よみ	U+221A SQUARE ROOT
Msqrt	√	短縮よみ	U+221A SQUARE ROOT
root	√	短縮よみ	U+221A SQUARE ROOT
Root	√	短縮よみ	U+221A SQUARE ROOT
Mroot	√	短縮よみ	U+221A SQUARE ROOT
cuberoot	∛	短縮よみ	U+221B CUBE ROOT
Mcuberoot	∛	短縮よみ	U+221B CUBE ROOT
cbrt	∛	短縮よみ	U+221B CUBE ROOT
Mcbrt	∛	短縮よみ	U+221B CUBE ROOT
fourthroot	∜	短縮よみ	U+221C FOURTH ROOT
Mfourthroot	∜	短縮よみ	U+221C FOURTH ROOT
integral	∫	短縮よみ	U+222B INTEGRAL
Integral	∫	短縮よみ	U+222B INTEGRAL
Mintegral	∫	短縮よみ	U+222B INTEGRAL
int	∫	短縮よみ	U+222B INTEGRAL
Int	∫	短縮よみ	U+222B INTEGRAL
Mint	∫	短縮よみ	U+222B INTEGRAL
iint	∬	短縮よみ	U+222C DOUBLE INTEGRAL
Miint	∬	短縮よみ	U+222C DOUBLE INTEGRAL
doubleint	∬	短縮よみ	U+222C DOUBLE INTEGRAL
Mdoubleint	∬	短縮よみ	U+222C DOUBLE INTEGRAL
iiint	∭	短縮よみ	U+222D TRIPLE INTEGRAL
Miiint	∭	短縮よみ	U+222D TRIPLE INTEGRAL
tripleint	∭	短縮よみ	U+222D TRIPLE INTEGRAL
Mtripleint	∭	短縮よみ	U+222D TRIPLE INTEGRAL
oint	∮	短縮よみ	U+222E CONTOUR INTEGRAL
Moint	∮	短縮よみ	U+222E CONTOUR INTEGRAL
contourint	∮	短縮よみ	U+222E CONTOUR INTEGRAL
Mcontourint	∮	短縮よみ	U+222E CONTOUR INTEGRAL
oiint	∯	短縮よみ	U+222F SURFACE INTEGRAL
Moiint	∯	短縮よみ	U+222F SURFACE INTEGRAL
surfaceint	∯	短縮よみ	U+222F SURFACE INTEGRAL
Msurfaceint	∯	短縮よみ	U+222F SURFACE INTEGRAL
oiiint	∰	短縮よみ	U+2230 VOLUME INTEGRAL
Moiiint	∰	短縮よみ	U+2230 VOLUME INTEGRAL
volumeint	∰	短縮よみ	U+2230 VOLUME INTEGRAL
Mvolumeint	∰	短縮よみ	U+2230 VOLUME INTEGRAL
partial	∂	短縮よみ	U+2202 PARTIAL DIFFERENTIAL
Partial	∂	短縮よみ	U+2202 PARTIAL DIFFERENTIAL
Mpartial	∂	短縮よみ	U+2202 PARTIAL DIFFERENTIAL
del	∂	短縮よみ	U+2202 PARTIAL DIFFERENTIAL
Mdel	∂	短縮よみ	U+2202 PARTIAL DIFFERENTIAL
nabla	∇	短縮よみ	U+2207 NABLA
Nabla	∇	短縮よみ	U+2207 NABLA
Mnabla	∇	短縮よみ	U+2207 NABLA
grad	∇	短縮よみ	U+2207 NABLA
Mgrad	∇	短縮よみ	U+2207 NABLA
laplace	∆	短縮よみ	U+2206 INCREMENT
Mlaplace	∆	短縮よみ	U+2206 INCREMENT
infty	∞	短縮よみ	U+221E INFINITY
Infty	∞	短縮よみ	U+221E INFINITY
Minfty	∞	短縮よみ	U+221E INFINITY
infinity	∞	短縮よみ	U+221E INFINITY
Minfinity	∞	短縮よみ	U+221E INFINITY
oo	∞	短縮よみ	U+221E INFINITY
Moo	∞	短縮よみ	U+221E INFINITY
producttensor	⨂	短縮よみ	U+2A02 N-ARY CIRCLED TIMES OPERATOR
Mproducttensor	⨂	短縮よみ	U+2A02 N-ARY CIRCLED TIMES OPERATOR
tensorprod	⊗	短縮よみ	U+2297 CIRCLED TIMES
Mtensorprod	⊗	短縮よみ	U+2297 CIRCLED TIMES
uparrow	↑	短縮よみ	U+2191 UPWARDS ARROW
Muparrow	↑	短縮よみ	U+2191 UPWARDS ARROW
uarr	↑	短縮よみ	U+2191 UPWARDS ARROW
Uarr	↑	短縮よみ	U+2191 UPWARDS ARROW
Muarr	↑	短縮よみ	U+2191 UPWARDS ARROW
arrowu	↑	短縮よみ	U+2191 UPWARDS ARROW
Marrowu	↑	短縮よみ	U+2191 UPWARDS ARROW
downarrow	↓	短縮よみ	U+2193 DOWNWARDS ARROW
Mdownarrow	↓	短縮よみ	U+2193 DOWNWARDS ARROW
darr	↓	短縮よみ	U+2193 DOWNWARDS ARROW
Darr	↓	短縮よみ	U+2193 DOWNWARDS ARROW
Mdarr	↓	短縮よみ	U+2193 DOWNWARDS ARROW
arrowd	↓	短縮よみ	U+2193 DOWNWARDS ARROW
Marrowd	↓	短縮よみ	U+2193 DOWNWARDS ARROW
updownarrow	↕	短縮よみ	U+2195 UP DOWN ARROW
Mupdownarrow	↕	短縮よみ	U+2195 UP DOWN ARROW
varrow	↕	短縮よみ	U+2195 UP DOWN ARROW
Mvarrow	↕	短縮よみ	U+2195 UP DOWN ARROW
Uparrow	⇑	短縮よみ	U+21D1 UPWARDS DOUBLE ARROW
MUparrow	⇑	短縮よみ	U+21D1 UPWARDS DOUBLE ARROW
uArr	⇑	短縮よみ	U+21D1 UPWARDS DOUBLE ARROW
MuArr	⇑	短縮よみ	U+21D1 UPWARDS DOUBLE ARROW
arrowudouble	⇑	短縮よみ	U+21D1 UPWARDS DOUBLE ARROW
Marrowudouble	⇑	短縮よみ	U+21D1 UPWARDS DOUBLE ARROW
Downarrow	⇓	短縮よみ	U+21D3 DOWNWARDS DOUBLE ARROW
MDownarrow	⇓	短縮よみ	U+21D3 DOWNWARDS DOUBLE ARROW
dArr	⇓	短縮よみ	U+21D3 DOWNWARDS DOUBLE ARROW
MdArr	⇓	短縮よみ	U+21D3 DOWNWARDS DOUBLE ARROW
arrowddouble	⇓	短縮よみ	U+21D3 DOWNWARDS DOUBLE ARROW
Marrowddouble	⇓	短縮よみ	U+21D3 DOWNWARDS DOUBLE ARROW
Updownarrow	⇕	短縮よみ	U+21D5 UP DOWN DOUBLE ARROW
MUpdownarrow	⇕	短縮よみ	U+21D5 UP DOWN DOUBLE ARROW
vArr	⇕	短縮よみ	U+21D5 UP DOWN DOUBLE ARROW
MvArr	⇕	短縮よみ	U+21D5 UP DOWN DOUBLE ARROW
longrightarrow	⟶	短縮よみ	U+27F6 LONG RIGHTWARDS ARROW
Mlongrightarrow	⟶	短縮よみ	U+27F6 LONG RIGHTWARDS ARROW
longto	⟶	短縮よみ	U+27F6 LONG RIGHTWARDS ARROW
Longto	⟶	短縮よみ	U+27F6 LONG RIGHTWARDS ARROW
Mlongto	⟶	短縮よみ	U+27F6 LONG RIGHTWARDS ARROW
arrowrlong	⟶	短縮よみ	U+27F6 LONG RIGHTWARDS ARROW
Marrowrlong	⟶	短縮よみ	U+27F6 LONG RIGHTWARDS ARROW
longleftarrow	⟵	短縮よみ	U+27F5 LONG LEFTWARDS ARROW
Mlongleftarrow	⟵	短縮よみ	U+27F5 LONG LEFTWARDS ARROW
arrowllong	⟵	短縮よみ	U+27F5 LONG LEFTWARDS ARROW
Marrowllong	⟵	短縮よみ	U+27F5 LONG LEFTWARDS ARROW
longleftrightarrow	⟷	短縮よみ	U+27F7 LONG LEFT RIGHT ARROW
Mlongleftrightarrow	⟷	短縮よみ	U+27F7 LONG LEFT RIGHT ARROW
arrowlrlong	⟷	短縮よみ	U+27F7 LONG LEFT RIGHT ARROW
Marrowlrlong	⟷	短縮よみ	U+27F7 LONG LEFT RIGHT ARROW
Longrightarrow	⟹	短縮よみ	U+27F9 LONG RIGHTWARDS DOUBLE ARROW
MLongrightarrow	⟹	短縮よみ	U+27F9 LONG RIGHTWARDS DOUBLE ARROW
arrowrdoublelong	⟹	短縮よみ	U+27F9 LONG RIGHTWARDS DOUBLE ARROW
Marrowrdoublelong	⟹	短縮よみ	U+27F9 LONG RIGHTWARDS DOUBLE ARROW
Longleftarrow	⟸	短縮よみ	U+27F8 LONG LEFTWARDS DOUBLE ARROW
MLongleftarrow	⟸	短縮よみ	U+27F8 LONG LEFTWARDS DOUBLE ARROW
arrowldoublelong	⟸	短縮よみ	U+27F8 LONG LEFTWARDS DOUBLE ARROW
Marrowldoublelong	⟸	短縮よみ	U+27F8 LONG LEFTWARDS DOUBLE ARROW
Longleftrightarrow	⟺	短縮よみ	U+27FA LONG LEFT RIGHT DOUBLE ARROW
MLongleftrightarrow	⟺	短縮よみ	U+27FA LONG LEFT RIGHT DOUBLE ARROW
arrowlrdoublelong	⟺	短縮よみ	U+27FA LONG LEFT RIGHT DOUBLE ARROW
Marrowlrdoublelong	⟺	短縮よみ	U+27FA LONG LEFT RIGHT DOUBLE ARROW
hookrightarrow	↪	短縮よみ	U+21AA RIGHTWARDS ARROW WITH HOOK
Mhookrightarrow	↪	短縮よみ	U+21AA RIGHTWARDS ARROW WITH HOOK
hookleftarrow	↩	短縮よみ	U+21A9 LEFTWARDS ARROW WITH HOOK
Mhookleftarrow	↩	短縮よみ	U+21A9 LEFTWARDS ARROW WITH HOOK
rightarrowtail	↣	短縮よみ	U+21A3 RIGHTWARDS ARROW WITH TAIL
Mrightarrowtail	↣	短縮よみ	U+21A3 RIGHTWARDS ARROW WITH TAIL
leftarrowtail	↢	短縮よみ	U+21A2 LEFTWARDS ARROW WITH TAIL
Mleftarrowtail	↢	短縮よみ	U+21A2 LEFTWARDS ARROW WITH TAIL
twoheadrightarrow	↠	短縮よみ	U+21A0 RIGHTWARDS TWO HEADED ARROW
Mtwoheadrightarrow	↠	短縮よみ	U+21A0 RIGHTWARDS TWO HEADED ARROW
twoheadleftarrow	↞	短縮よみ	U+219E LEFTWARDS TWO HEADED ARROW
Mtwoheadleftarrow	↞	短縮よみ	U+219E LEFTWARDS TWO HEADED ARROW
rightharpoonup	⇀	短縮よみ	U+21C0 RIGHTWARDS HARPOON WITH BARB UPWARDS
Mrightharpoonup	⇀	短縮よみ	U+21C0 RIGHTWARDS HARPOON WITH BARB UPWARDS
rightharpoondown	⇁	短縮よみ	U+21C1 RIGHTWARDS HARPOON WITH BARB DOWNWARDS
Mrightharpoondown	⇁	短縮よみ	U+21C1 RIGHTWARDS HARPOON WITH BARB DOWNWARDS
leftharpoonup	↼	短縮よみ	U+21BC LEFTWARDS HARPOON WITH BARB UPWARDS
Mleftharpoonup	↼	短縮よみ	U+21BC LEFTWARDS HARPOON WITH BARB UPWARDS
leftharpoondown	↽	短縮よみ	U+21BD LEFTWARDS HARPOON WITH BARB DOWNWARDS
Mleftharpoondown	↽	短縮よみ	U+21BD LEFTWARDS HARPOON WITH BARB DOWNWARDS
rightleftharpoons	⇌	短縮よみ	U+21CC RIGHTWARDS HARPOON OVER LEFTWARDS HARPOON
Mrightleftharpoons	⇌	短縮よみ	U+21CC RIGHTWARDS HARPOON OVER LEFTWARDS HARPOON
leftrightharpoons	⇋	短縮よみ	U+21CB LEFTWARDS HARPOON OVER RIGHTWARDS HARPOON
Mleftrightharpoons	⇋	短縮よみ	U+21CB LEFTWARDS HARPOON OVER RIGHTWARDS HARPOON
nearrow	↗	短縮よみ	U+2197 NORTH EAST ARROW
Mnearrow	↗	短縮よみ	U+2197 NORTH EAST ARROW
searrow	↘	短縮よみ	U+2198 SOUTH EAST ARROW
Msearrow	↘	短縮よみ	U+2198 SOUTH EAST ARROW
swarrow	↙	短縮よみ	U+2199 SOUTH WEST ARROW
Mswarrow	↙	短縮よみ	U+2199 SOUTH WEST ARROW
nwarrow	↖	短縮よみ	U+2196 NORTH WEST ARROW
Mnwarrow	↖	短縮よみ	U+2196 NORTH WEST ARROW
leadsto	⇝	短縮よみ	U+21DD RIGHTWARDS SQUIGGLE ARROW
Leadsto	⇝	短縮よみ	U+21DD RIGHTWARDS SQUIGGLE ARROW
Mleadsto	⇝	短縮よみ	U+21DD RIGHTWARDS SQUIGGLE ARROW
rightsquigarrow	⇝	短縮よみ	U+21DD RIGHTWARDS SQUIGGLE ARROW
Mrightsquigarrow	⇝	短縮よみ	U+21DD RIGHTWARDS SQUIGGLE ARROW
leftsquigarrow	⇜	短縮よみ	U+21DC LEFTWARDS SQUIGGLE ARROW
Mleftsquigarrow	⇜	短縮よみ	U+21DC LEFTWARDS SQUIGGLE ARROW
nrightarrow	↛	短縮よみ	U+219B RIGHTWARDS ARROW WITH STROKE
Mnrightarrow	↛	短縮よみ	U+219B RIGHTWARDS ARROW WITH STROKE
nleftarrow	↚	短縮よみ	U+219A LEFTWARDS ARROW WITH STROKE
Mnleftarrow	↚	短縮よみ	U+219A LEFTWARDS ARROW WITH STROKE
nleftrightarrow	↮	短縮よみ	U+21AE LEFT RIGHT ARROW WITH STROKE
Mnleftrightarrow	↮	短縮よみ	U+21AE LEFT RIGHT ARROW WITH STROKE
langle	⟨	短縮よみ	U+27E8 MATHEMATICAL LEFT ANGLE BRACKET
Langle	⟨	短縮よみ	U+27E8 MATHEMATICAL LEFT ANGLE BRACKET
Mlangle	⟨	短縮よみ	U+27E8 MATHEMATICAL LEFT ANGLE BRACKET
rangle	⟩	短縮よみ	U+27E9 MATHEMATICAL RIGHT ANGLE BRACKET
Rangle	⟩	短縮よみ	U+27E9 MATHEMATICAL RIGHT ANGLE BRACKET
Mrangle	⟩	短縮よみ	U+27E9 MATHEMATICAL RIGHT ANGLE BRACKET
lceil	⌈	短縮よみ	U+2308 LEFT CEILING
Lceil	⌈	短縮よみ	U+2308 LEFT CEILING
Mlceil	⌈	短縮よみ	U+2308 LEFT CEILING
rceil	⌉	短縮よみ	U+2309 RIGHT CEILING
Rceil	⌉	短縮よみ	U+2309 RIGHT CEILING
Mrceil	⌉	短縮よみ	U+2309 RIGHT CEILING
lfloor	⌊	短縮よみ	U+230A LEFT FLOOR
Lfloor	⌊	短縮よみ	U+230A LEFT FLOOR
Mlfloor	⌊	短縮よみ	U+230A LEFT FLOOR
rfloor	⌋	短縮よみ	U+230B RIGHT FLOOR
Rfloor	⌋	短縮よみ	U+230B RIGHT FLOOR
Mrfloor	⌋	短縮よみ	U+230B RIGHT FLOOR
ulcorner	⌜	短縮よみ	U+231C TOP LEFT CORNER
Mulcorner	⌜	短縮よみ	U+231C TOP LEFT CORNER
urcorner	⌝	短縮よみ	U+231D TOP RIGHT CORNER
Murcorner	⌝	短縮よみ	U+231D TOP RIGHT CORNER
llcorner	⌞	短縮よみ	U+231E BOTTOM LEFT CORNER
Mllcorner	⌞	短縮よみ	U+231E BOTTOM LEFT CORNER
lrcorner	⌟	短縮よみ	U+231F BOTTOM RIGHT CORNER
Mlrcorner	⌟	短縮よみ	U+231F BOTTOM RIGHT CORNER
lbrack	[	短縮よみ	U+005B LEFT SQUARE BRACKET
Mlbrack	[	短縮よみ	U+005B LEFT SQUARE BRACKET
rbrack	]	短縮よみ	U+005D RIGHT SQUARE BRACKET
Mrbrack	]	短縮よみ	U+005D RIGHT SQUARE BRACKET
lbrace	{	短縮よみ	U+007B LEFT CURLY BRACKET
Mlbrace	{	短縮よみ	U+007B LEFT CURLY BRACKET
rbrace	}	短縮よみ	U+007D RIGHT CURLY BRACKET
Mrbrace	}	短縮よみ	U+007D RIGHT CURLY BRACKET
lparen	(	短縮よみ	U+0028 LEFT PARENTHESIS
Mlparen	(	短縮よみ	U+0028 LEFT PARENTHESIS
rparen	)	短縮よみ	U+0029 RIGHT PARENTHESIS
Mrparen	)	短縮よみ	U+0029 RIGHT PARENTHESIS
vert	|	短縮よみ	U+007C VERTICAL LINE
Mvert	|	短縮よみ	U+007C VERTICAL LINE
bar	|	短縮よみ	U+007C VERTICAL LINE
Mbar	|	短縮よみ	U+007C VERTICAL LINE
Vert	‖	短縮よみ	U+2016 DOUBLE VERTICAL LINE
MVert	‖	短縮よみ	U+2016 DOUBLE VERTICAL LINE
norm	‖	短縮よみ	U+2016 DOUBLE VERTICAL LINE
Mnorm	‖	短縮よみ	U+2016 DOUBLE VERTICAL LINE
lvert	|	短縮よみ	U+007C VERTICAL LINE
Mlvert	|	短縮よみ	U+007C VERTICAL LINE
rvert	|	短縮よみ	U+007C VERTICAL LINE
Mrvert	|	短縮よみ	U+007C VERTICAL LINE
lVert	‖	短縮よみ	U+2016 DOUBLE VERTICAL LINE
MlVert	‖	短縮よみ	U+2016 DOUBLE VERTICAL LINE
rVert	‖	短縮よみ	U+2016 DOUBLE VERTICAL LINE
MrVert	‖	短縮よみ	U+2016 DOUBLE VERTICAL LINE
ldots	…	短縮よみ	U+2026 HORIZONTAL ELLIPSIS
Ldots	…	短縮よみ	U+2026 HORIZONTAL ELLIPSIS
Mldots	…	短縮よみ	U+2026 HORIZONTAL ELLIPSIS
dots	…	短縮よみ	U+2026 HORIZONTAL ELLIPSIS
Dots	…	短縮よみ	U+2026 HORIZONTAL ELLIPSIS
Mdots	…	短縮よみ	U+2026 HORIZONTAL ELLIPSIS
ellipsis	…	短縮よみ	U+2026 HORIZONTAL ELLIPSIS
Mellipsis	…	短縮よみ	U+2026 HORIZONTAL ELLIPSIS
cdots	⋯	短縮よみ	U+22EF MIDLINE HORIZONTAL ELLIPSIS
Cdots	⋯	短縮よみ	U+22EF MIDLINE HORIZONTAL ELLIPSIS
Mcdots	⋯	短縮よみ	U+22EF MIDLINE HORIZONTAL ELLIPSIS
vdots	⋮	短縮よみ	U+22EE VERTICAL ELLIPSIS
Mvdots	⋮	短縮よみ	U+22EE VERTICAL ELLIPSIS
ddots	⋱	短縮よみ	U+22F1 DOWN RIGHT DIAGONAL ELLIPSIS
Mddots	⋱	短縮よみ	U+22F1 DOWN RIGHT DIAGONAL ELLIPSIS
adots	⋰	短縮よみ	U+22F0 UP RIGHT DIAGONAL ELLIPSIS
Madots	⋰	短縮よみ	U+22F0 UP RIGHT DIAGONAL ELLIPSIS
prime	′	短縮よみ	U+2032 PRIME
Prime	′	短縮よみ	U+2032 PRIME
Mprime	′	短縮よみ	U+2032 PRIME
dprime	″	短縮よみ	U+2033 DOUBLE PRIME
Mdprime	″	短縮よみ	U+2033 DOUBLE PRIME
doubleprime	″	短縮よみ	U+2033 DOUBLE PRIME
Mdoubleprime	″	短縮よみ	U+2033 DOUBLE PRIME
tprime	‴	短縮よみ	U+2034 TRIPLE PRIME
Mtprime	‴	短縮よみ	U+2034 TRIPLE PRIME
tripleprime	‴	短縮よみ	U+2034 TRIPLE PRIME
Mtripleprime	‴	短縮よみ	U+2034 TRIPLE PRIME
qprime	⁗	短縮よみ	U+2057 QUADRUPLE PRIME
Mqprime	⁗	短縮よみ	U+2057 QUADRUPLE PRIME
degree	°	短縮よみ	U+00B0 DEGREE SIGN
Degree	°	短縮よみ	U+00B0 DEGREE SIGN
Mdegree	°	短縮よみ	U+00B0 DEGREE SIGN
deg	°	短縮よみ	U+00B0 DEGREE SIGN
Mdeg	°	短縮よみ	U+00B0 DEGREE SIGN
angle	∠	短縮よみ	U+2220 ANGLE
Angle	∠	短縮よみ	U+2220 ANGLE
Mangle	∠	短縮よみ	U+2220 ANGLE
measuredangle	∡	短縮よみ	U+2221 MEASURED ANGLE
Mmeasuredangle	∡	短縮よみ	U+2221 MEASURED ANGLE
sphericalangle	∢	短縮よみ	U+2222 SPHERICAL ANGLE
Msphericalangle	∢	短縮よみ	U+2222 SPHERICAL ANGLE
rightangle	∟	短縮よみ	U+221F RIGHT ANGLE
Mrightangle	∟	短縮よみ	U+221F RIGHT ANGLE
triangle	△	短縮よみ	U+25B3 WHITE UP-POINTING TRIANGLE
Triangle	△	短縮よみ	U+25B3 WHITE UP-POINTING TRIANGLE
Mtriangle	△	短縮よみ	U+25B3 WHITE UP-POINTING TRIANGLE
triangleup	△	短縮よみ	U+25B3 WHITE UP-POINTING TRIANGLE
Mtriangleup	△	短縮よみ	U+25B3 WHITE UP-POINTING TRIANGLE
triangledown	▽	短縮よみ	U+25BD WHITE DOWN-POINTING TRIANGLE
Mtriangledown	▽	短縮よみ	U+25BD WHITE DOWN-POINTING TRIANGLE
blacktriangle	▲	短縮よみ	U+25B2 BLACK UP-POINTING TRIANGLE
Mblacktriangle	▲	短縮よみ	U+25B2 BLACK UP-POINTING TRIANGLE
blacktriangledown	▼	短縮よみ	U+25BC BLACK DOWN-POINTING TRIANGLE
Mblacktriangledown	▼	短縮よみ	U+25BC BLACK DOWN-POINTING TRIANGLE
diamond	⋄	短縮よみ	U+22C4 DIAMOND OPERATOR
Diamond	⋄	短縮よみ	U+22C4 DIAMOND OPERATOR
Mdiamond	⋄	短縮よみ	U+22C4 DIAMOND OPERATOR
lozenge	◊	短縮よみ	U+25CA LOZENGE
Mlozenge	◊	短縮よみ	U+25CA LOZENGE
square	□	短縮よみ	U+25A1 WHITE SQUARE
Square	□	短縮よみ	U+25A1 WHITE SQUARE
Msquare	□	短縮よみ	U+25A1 WHITE SQUARE
blacksquare	■	短縮よみ	U+25A0 BLACK SQUARE
Mblacksquare	■	短縮よみ	U+25A0 BLACK SQUARE
frown	⌢	短縮よみ	U+2322 FROWN
Mfrown	⌢	短縮よみ	U+2322 FROWN
smile	⌣	短縮よみ	U+2323 SMILE
Msmile	⌣	短縮よみ	U+2323 SMILE
checkmark	✓	短縮よみ	U+2713 CHECK MARK
Checkmark	✓	短縮よみ	U+2713 CHECK MARK
Mcheckmark	✓	短縮よみ	U+2713 CHECK MARK
check	✓	短縮よみ	U+2713 CHECK MARK
Mcheck	✓	短縮よみ	U+2713 CHECK MARK
crossmark	✗	短縮よみ	U+2717 BALLOT X
Mcrossmark	✗	短縮よみ	U+2717 BALLOT X
maltese	✠	短縮よみ	U+2720 MALTESE CROSS
Mmaltese	✠	短縮よみ	U+2720 MALTESE CROSS
dagger	†	短縮よみ	U+2020 DAGGER
Mdagger	†	短縮よみ	U+2020 DAGGER
ddagger	‡	短縮よみ	U+2021 DOUBLE DAGGER
Mddagger	‡	短縮よみ	U+2021 DOUBLE DAGGER
hbar	ℏ	短縮よみ	U+210F PLANCK CONSTANT OVER TWO PI
Mhbar	ℏ	短縮よみ	U+210F PLANCK CONSTANT OVER TWO PI
hslash	ℏ	短縮よみ	U+210F PLANCK CONSTANT OVER TWO PI
Mhslash	ℏ	短縮よみ	U+210F PLANCK CONSTANT OVER TWO PI
ell	ℓ	短縮よみ	U+2113 SCRIPT SMALL L
Mell	ℓ	短縮よみ	U+2113 SCRIPT SMALL L
angstrom	Å	短縮よみ	U+00C5 LATIN CAPITAL LETTER A WITH RING ABOVE
Mangstrom	Å	短縮よみ	U+00C5 LATIN CAPITAL LETTER A WITH RING ABOVE
aleph	ℵ	短縮よみ	U+2135 ALEF SYMBOL
Aleph	ℵ	短縮よみ	U+2135 ALEF SYMBOL
Maleph	ℵ	短縮よみ	U+2135 ALEF SYMBOL
beth	ℶ	短縮よみ	U+2136 BET SYMBOL
Beth	ℶ	短縮よみ	U+2136 BET SYMBOL
Mbeth	ℶ	短縮よみ	U+2136 BET SYMBOL
gimel	ℷ	短縮よみ	U+2137 GIMEL SYMBOL
Mgimel	ℷ	短縮よみ	U+2137 GIMEL SYMBOL
daleth	ℸ	短縮よみ	U+2138 DALET SYMBOL
Mdaleth	ℸ	短縮よみ	U+2138 DALET SYMBOL
Re	ℜ	短縮よみ	U+211C BLACK-LETTER CAPITAL R
MRe	ℜ	短縮よみ	U+211C BLACK-LETTER CAPITAL R
realpart	ℜ	短縮よみ	U+211C BLACK-LETTER CAPITAL R
Realpart	ℜ	短縮よみ	U+211C BLACK-LETTER CAPITAL R
Mrealpart	ℜ	短縮よみ	U+211C BLACK-LETTER CAPITAL R
Im	ℑ	短縮よみ	U+2111 BLACK-LETTER CAPITAL I
MIm	ℑ	短縮よみ	U+2111 BLACK-LETTER CAPITAL I
imagpart	ℑ	短縮よみ	U+2111 BLACK-LETTER CAPITAL I
Imagpart	ℑ	短縮よみ	U+2111 BLACK-LETTER CAPITAL I
Mimagpart	ℑ	短縮よみ	U+2111 BLACK-LETTER CAPITAL I
imath	ı	短縮よみ	U+0131 LATIN SMALL LETTER DOTLESS I
Mimath	ı	短縮よみ	U+0131 LATIN SMALL LETTER DOTLESS I
jmath	ȷ	短縮よみ	U+0237 LATIN SMALL LETTER DOTLESS J
Mjmath	ȷ	短縮よみ	U+0237 LATIN SMALL LETTER DOTLESS J
dif	ⅆ	短縮よみ	U+2146 DOUBLE-STRUCK ITALIC SMALL D
Mdif	ⅆ	短縮よみ	U+2146 DOUBLE-STRUCK ITALIC SMALL D
differentiald	ⅆ	短縮よみ	U+2146 DOUBLE-STRUCK ITALIC SMALL D
Differentiald	ⅆ	短縮よみ	U+2146 DOUBLE-STRUCK ITALIC SMALL D
Mdifferentiald	ⅆ	短縮よみ	U+2146 DOUBLE-STRUCK ITALIC SMALL D
Dif	ⅅ	短縮よみ	U+2145 DOUBLE-STRUCK ITALIC CAPITAL D
MDif	ⅅ	短縮よみ	U+2145 DOUBLE-STRUCK ITALIC CAPITAL D
differentialD	ⅅ	短縮よみ	U+2145 DOUBLE-STRUCK ITALIC CAPITAL D
MdifferentialD	ⅅ	短縮よみ	U+2145 DOUBLE-STRUCK ITALIC CAPITAL D
euler	ℯ	短縮よみ	U+212F SCRIPT SMALL E
Meuler	ℯ	短縮よみ	U+212F SCRIPT SMALL E
imaginaryi	ⅈ	短縮よみ	U+2148 DOUBLE-STRUCK ITALIC SMALL I
Mimaginaryi	ⅈ	短縮よみ	U+2148 DOUBLE-STRUCK ITALIC SMALL I
imagunit	ⅈ	短縮よみ	U+2148 DOUBLE-STRUCK ITALIC SMALL I
Mimagunit	ⅈ	短縮よみ	U+2148 DOUBLE-STRUCK ITALIC SMALL I
imaginaryj	ⅉ	短縮よみ	U+2149 DOUBLE-STRUCK ITALIC SMALL J
Mimaginaryj	ⅉ	短縮よみ	U+2149 DOUBLE-STRUCK ITALIC SMALL J
micro	µ	短縮よみ	U+00B5 MICRO SIGN
Mmicro	µ	短縮よみ	U+00B5 MICRO SIGN
ohm	Ω	短縮よみ	U+03A9 GREEK CAPITAL LETTER OMEGA
Mohm	Ω	短縮よみ	U+03A9 GREEK CAPITAL LETTER OMEGA
mho	℧	短縮よみ	U+2127 INVERTED OHM SIGN
Mmho	℧	短縮よみ	U+2127 INVERTED OHM SIGN
alpha	α	短縮よみ	U+03B1 GREEK SMALL LETTER ALPHA
Malpha	α	短縮よみ	U+03B1 GREEK SMALL LETTER ALPHA
beta	β	短縮よみ	U+03B2 GREEK SMALL LETTER BETA
Mbeta	β	短縮よみ	U+03B2 GREEK SMALL LETTER BETA
gamma	γ	短縮よみ	U+03B3 GREEK SMALL LETTER GAMMA
Mgamma	γ	短縮よみ	U+03B3 GREEK SMALL LETTER GAMMA
delta	δ	短縮よみ	U+03B4 GREEK SMALL LETTER DELTA
Mdelta	δ	短縮よみ	U+03B4 GREEK SMALL LETTER DELTA
epsilon	ε	短縮よみ	U+03B5 GREEK SMALL LETTER EPSILON
Mepsilon	ε	短縮よみ	U+03B5 GREEK SMALL LETTER EPSILON
varepsilon	ϵ	短縮よみ	U+03F5 GREEK LUNATE EPSILON SYMBOL
Mvarepsilon	ϵ	短縮よみ	U+03F5 GREEK LUNATE EPSILON SYMBOL
vepsilon	ϵ	短縮よみ	U+03F5 GREEK LUNATE EPSILON SYMBOL
Mvepsilon	ϵ	短縮よみ	U+03F5 GREEK LUNATE EPSILON SYMBOL
zeta	ζ	短縮よみ	U+03B6 GREEK SMALL LETTER ZETA
Mzeta	ζ	短縮よみ	U+03B6 GREEK SMALL LETTER ZETA
eta	η	短縮よみ	U+03B7 GREEK SMALL LETTER ETA
Meta	η	短縮よみ	U+03B7 GREEK SMALL LETTER ETA
theta	θ	短縮よみ	U+03B8 GREEK SMALL LETTER THETA
Mtheta	θ	短縮よみ	U+03B8 GREEK SMALL LETTER THETA
vartheta	ϑ	短縮よみ	U+03D1 GREEK THETA SYMBOL
Mvartheta	ϑ	短縮よみ	U+03D1 GREEK THETA SYMBOL
vtheta	ϑ	短縮よみ	U+03D1 GREEK THETA SYMBOL
Mvtheta	ϑ	短縮よみ	U+03D1 GREEK THETA SYMBOL
iota	ι	短縮よみ	U+03B9 GREEK SMALL LETTER IOTA
Miota	ι	短縮よみ	U+03B9 GREEK SMALL LETTER IOTA
kappa	κ	短縮よみ	U+03BA GREEK SMALL LETTER KAPPA
Mkappa	κ	短縮よみ	U+03BA GREEK SMALL LETTER KAPPA
varkappa	ϰ	短縮よみ	U+03F0 GREEK KAPPA SYMBOL
Mvarkappa	ϰ	短縮よみ	U+03F0 GREEK KAPPA SYMBOL
vkappa	ϰ	短縮よみ	U+03F0 GREEK KAPPA SYMBOL
Mvkappa	ϰ	短縮よみ	U+03F0 GREEK KAPPA SYMBOL
lambda	λ	短縮よみ	U+03BB GREEK SMALL LETTER LAMDA
Mlambda	λ	短縮よみ	U+03BB GREEK SMALL LETTER LAMDA
lam	λ	短縮よみ	U+03BB GREEK SMALL LETTER LAMDA
Mlam	λ	短縮よみ	U+03BB GREEK SMALL LETTER LAMDA
mu	μ	短縮よみ	U+03BC GREEK SMALL LETTER MU
Mmu	μ	短縮よみ	U+03BC GREEK SMALL LETTER MU
nu	ν	短縮よみ	U+03BD GREEK SMALL LETTER NU
Mnu	ν	短縮よみ	U+03BD GREEK SMALL LETTER NU
xi	ξ	短縮よみ	U+03BE GREEK SMALL LETTER XI
Mxi	ξ	短縮よみ	U+03BE GREEK SMALL LETTER XI
omicron	ο	短縮よみ	U+03BF GREEK SMALL LETTER OMICRON
Momicron	ο	短縮よみ	U+03BF GREEK SMALL LETTER OMICRON
pi	π	短縮よみ	U+03C0 GREEK SMALL LETTER PI
Mpi	π	短縮よみ	U+03C0 GREEK SMALL LETTER PI
varpi	ϖ	短縮よみ	U+03D6 GREEK PI SYMBOL
Mvarpi	ϖ	短縮よみ	U+03D6 GREEK PI SYMBOL
vpi	ϖ	短縮よみ	U+03D6 GREEK PI SYMBOL
Mvpi	ϖ	短縮よみ	U+03D6 GREEK PI SYMBOL
rho	ρ	短縮よみ	U+03C1 GREEK SMALL LETTER RHO
Mrho	ρ	短縮よみ	U+03C1 GREEK SMALL LETTER RHO
varrho	ϱ	短縮よみ	U+03F1 GREEK RHO SYMBOL
Mvarrho	ϱ	短縮よみ	U+03F1 GREEK RHO SYMBOL
vrho	ϱ	短縮よみ	U+03F1 GREEK RHO SYMBOL
Mvrho	ϱ	短縮よみ	U+03F1 GREEK RHO SYMBOL
sigma	σ	短縮よみ	U+03C3 GREEK SMALL LETTER SIGMA
Msigma	σ	短縮よみ	U+03C3 GREEK SMALL LETTER SIGMA
varsigma	ς	短縮よみ	U+03C2 GREEK SMALL LETTER FINAL SIGMA
Mvarsigma	ς	短縮よみ	U+03C2 GREEK SMALL LETTER FINAL SIGMA
vsigma	ς	短縮よみ	U+03C2 GREEK SMALL LETTER FINAL SIGMA
Mvsigma	ς	短縮よみ	U+03C2 GREEK SMALL LETTER FINAL SIGMA
tau	τ	短縮よみ	U+03C4 GREEK SMALL LETTER TAU
Mtau	τ	短縮よみ	U+03C4 GREEK SMALL LETTER TAU
upsilon	υ	短縮よみ	U+03C5 GREEK SMALL LETTER UPSILON
Mupsilon	υ	短縮よみ	U+03C5 GREEK SMALL LETTER UPSILON
phi	φ	短縮よみ	U+03C6 GREEK SMALL LETTER PHI
Mphi	φ	短縮よみ	U+03C6 GREEK SMALL LETTER PHI
varphi	ϕ	短縮よみ	U+03D5 GREEK PHI SYMBOL
Mvarphi	ϕ	短縮よみ	U+03D5 GREEK PHI SYMBOL
vphi	ϕ	短縮よみ	U+03D5 GREEK PHI SYMBOL
Mvphi	ϕ	短縮よみ	U+03D5 GREEK PHI SYMBOL
chi	χ	短縮よみ	U+03C7 GREEK SMALL LETTER CHI
Mchi	χ	短縮よみ	U+03C7 GREEK SMALL LETTER CHI
psi	ψ	短縮よみ	U+03C8 GREEK SMALL LETTER PSI
Mpsi	ψ	短縮よみ	U+03C8 GREEK SMALL LETTER PSI
omega	ω	短縮よみ	U+03C9 GREEK SMALL LETTER OMEGA
Momega	ω	短縮よみ	U+03C9 GREEK SMALL LETTER OMEGA
Alpha	Α	短縮よみ	U+0391 GREEK CAPITAL LETTER ALPHA
MAlpha	Α	短縮よみ	U+0391 GREEK CAPITAL LETTER ALPHA
Beta	Β	短縮よみ	U+0392 GREEK CAPITAL LETTER BETA
MBeta	Β	短縮よみ	U+0392 GREEK CAPITAL LETTER BETA
Gamma	Γ	短縮よみ	U+0393 GREEK CAPITAL LETTER GAMMA
MGamma	Γ	短縮よみ	U+0393 GREEK CAPITAL LETTER GAMMA
Delta	Δ	短縮よみ	U+0394 GREEK CAPITAL LETTER DELTA
MDelta	Δ	短縮よみ	U+0394 GREEK CAPITAL LETTER DELTA
Epsilon	Ε	短縮よみ	U+0395 GREEK CAPITAL LETTER EPSILON
MEpsilon	Ε	短縮よみ	U+0395 GREEK CAPITAL LETTER EPSILON
Zeta	Ζ	短縮よみ	U+0396 GREEK CAPITAL LETTER ZETA
MZeta	Ζ	短縮よみ	U+0396 GREEK CAPITAL LETTER ZETA
Eta	Η	短縮よみ	U+0397 GREEK CAPITAL LETTER ETA
MEta	Η	短縮よみ	U+0397 GREEK CAPITAL LETTER ETA
Theta	Θ	短縮よみ	U+0398 GREEK CAPITAL LETTER THETA
MTheta	Θ	短縮よみ	U+0398 GREEK CAPITAL LETTER THETA
Iota	Ι	短縮よみ	U+0399 GREEK CAPITAL LETTER IOTA
MIota	Ι	短縮よみ	U+0399 GREEK CAPITAL LETTER IOTA
Kappa	Κ	短縮よみ	U+039A GREEK CAPITAL LETTER KAPPA
MKappa	Κ	短縮よみ	U+039A GREEK CAPITAL LETTER KAPPA
Lambda	Λ	短縮よみ	U+039B GREEK CAPITAL LETTER LAMDA
MLambda	Λ	短縮よみ	U+039B GREEK CAPITAL LETTER LAMDA
Mu	Μ	短縮よみ	U+039C GREEK CAPITAL LETTER MU
MMu	Μ	短縮よみ	U+039C GREEK CAPITAL LETTER MU
Nu	Ν	短縮よみ	U+039D GREEK CAPITAL LETTER NU
MNu	Ν	短縮よみ	U+039D GREEK CAPITAL LETTER NU
Xi	Ξ	短縮よみ	U+039E GREEK CAPITAL LETTER XI
MXi	Ξ	短縮よみ	U+039E GREEK CAPITAL LETTER XI
Omicron	Ο	短縮よみ	U+039F GREEK CAPITAL LETTER OMICRON
MOmicron	Ο	短縮よみ	U+039F GREEK CAPITAL LETTER OMICRON
Pi	Π	短縮よみ	U+03A0 GREEK CAPITAL LETTER PI
MPi	Π	短縮よみ	U+03A0 GREEK CAPITAL LETTER PI
Rho	Ρ	短縮よみ	U+03A1 GREEK CAPITAL LETTER RHO
MRho	Ρ	短縮よみ	U+03A1 GREEK CAPITAL LETTER RHO
Sigma	Σ	短縮よみ	U+03A3 GREEK CAPITAL LETTER SIGMA
MSigma	Σ	短縮よみ	U+03A3 GREEK CAPITAL LETTER SIGMA
Tau	Τ	短縮よみ	U+03A4 GREEK CAPITAL LETTER TAU
MTau	Τ	短縮よみ	U+03A4 GREEK CAPITAL LETTER TAU
Upsilon	Υ	短縮よみ	U+03A5 GREEK CAPITAL LETTER UPSILON
MUpsilon	Υ	短縮よみ	U+03A5 GREEK CAPITAL LETTER UPSILON
Phi	Φ	短縮よみ	U+03A6 GREEK CAPITAL LETTER PHI
MPhi	Φ	短縮よみ	U+03A6 GREEK CAPITAL LETTER PHI
Chi	Χ	短縮よみ	U+03A7 GREEK CAPITAL LETTER CHI
MChi	Χ	短縮よみ	U+03A7 GREEK CAPITAL LETTER CHI
Psi	Ψ	短縮よみ	U+03A8 GREEK CAPITAL LETTER PSI
MPsi	Ψ	短縮よみ	U+03A8 GREEK CAPITAL LETTER PSI
Omega	Ω	短縮よみ	U+03A9 GREEK CAPITAL LETTER OMEGA
MOmega	Ω	短縮よみ	U+03A9 GREEK CAPITAL LETTER OMEGA
Digamma	Ϝ	短縮よみ	U+03DC GREEK LETTER DIGAMMA
MDigamma	Ϝ	短縮よみ	U+03DC GREEK LETTER DIGAMMA
ualpha	Α	短縮よみ	U+0391 GREEK CAPITAL LETTER ALPHA
Mualpha	Α	短縮よみ	U+0391 GREEK CAPITAL LETTER ALPHA
capalpha	Α	短縮よみ	U+0391 GREEK CAPITAL LETTER ALPHA
Mcapalpha	Α	短縮よみ	U+0391 GREEK CAPITAL LETTER ALPHA
ubeta	Β	短縮よみ	U+0392 GREEK CAPITAL LETTER BETA
Mubeta	Β	短縮よみ	U+0392 GREEK CAPITAL LETTER BETA
capbeta	Β	短縮よみ	U+0392 GREEK CAPITAL LETTER BETA
Mcapbeta	Β	短縮よみ	U+0392 GREEK CAPITAL LETTER BETA
ugamma	Γ	短縮よみ	U+0393 GREEK CAPITAL LETTER GAMMA
Mugamma	Γ	短縮よみ	U+0393 GREEK CAPITAL LETTER GAMMA
capgamma	Γ	短縮よみ	U+0393 GREEK CAPITAL LETTER GAMMA
Mcapgamma	Γ	短縮よみ	U+0393 GREEK CAPITAL LETTER GAMMA
udelta	Δ	短縮よみ	U+0394 GREEK CAPITAL LETTER DELTA
Mudelta	Δ	短縮よみ	U+0394 GREEK CAPITAL LETTER DELTA
capdelta	Δ	短縮よみ	U+0394 GREEK CAPITAL LETTER DELTA
Mcapdelta	Δ	短縮よみ	U+0394 GREEK CAPITAL LETTER DELTA
uepsilon	Ε	短縮よみ	U+0395 GREEK CAPITAL LETTER EPSILON
Muepsilon	Ε	短縮よみ	U+0395 GREEK CAPITAL LETTER EPSILON
capepsilon	Ε	短縮よみ	U+0395 GREEK CAPITAL LETTER EPSILON
Mcapepsilon	Ε	短縮よみ	U+0395 GREEK CAPITAL LETTER EPSILON
uzeta	Ζ	短縮よみ	U+0396 GREEK CAPITAL LETTER ZETA
Muzeta	Ζ	短縮よみ	U+0396 GREEK CAPITAL LETTER ZETA
capzeta	Ζ	短縮よみ	U+0396 GREEK CAPITAL LETTER ZETA
Mcapzeta	Ζ	短縮よみ	U+0396 GREEK CAPITAL LETTER ZETA
ueta	Η	短縮よみ	U+0397 GREEK CAPITAL LETTER ETA
Mueta	Η	短縮よみ	U+0397 GREEK CAPITAL LETTER ETA
capeta	Η	短縮よみ	U+0397 GREEK CAPITAL LETTER ETA
Mcapeta	Η	短縮よみ	U+0397 GREEK CAPITAL LETTER ETA
utheta	Θ	短縮よみ	U+0398 GREEK CAPITAL LETTER THETA
Mutheta	Θ	短縮よみ	U+0398 GREEK CAPITAL LETTER THETA
captheta	Θ	短縮よみ	U+0398 GREEK CAPITAL LETTER THETA
Mcaptheta	Θ	短縮よみ	U+0398 GREEK CAPITAL LETTER THETA
uiota	Ι	短縮よみ	U+0399 GREEK CAPITAL LETTER IOTA
Muiota	Ι	短縮よみ	U+0399 GREEK CAPITAL LETTER IOTA
capiota	Ι	短縮よみ	U+0399 GREEK CAPITAL LETTER IOTA
Mcapiota	Ι	短縮よみ	U+0399 GREEK CAPITAL LETTER IOTA
ukappa	Κ	短縮よみ	U+039A GREEK CAPITAL LETTER KAPPA
Mukappa	Κ	短縮よみ	U+039A GREEK CAPITAL LETTER KAPPA
capkappa	Κ	短縮よみ	U+039A GREEK CAPITAL LETTER KAPPA
Mcapkappa	Κ	短縮よみ	U+039A GREEK CAPITAL LETTER KAPPA
ulambda	Λ	短縮よみ	U+039B GREEK CAPITAL LETTER LAMDA
Mulambda	Λ	短縮よみ	U+039B GREEK CAPITAL LETTER LAMDA
caplambda	Λ	短縮よみ	U+039B GREEK CAPITAL LETTER LAMDA
Mcaplambda	Λ	短縮よみ	U+039B GREEK CAPITAL LETTER LAMDA
umu	Μ	短縮よみ	U+039C GREEK CAPITAL LETTER MU
Mumu	Μ	短縮よみ	U+039C GREEK CAPITAL LETTER MU
capmu	Μ	短縮よみ	U+039C GREEK CAPITAL LETTER MU
Mcapmu	Μ	短縮よみ	U+039C GREEK CAPITAL LETTER MU
unu	Ν	短縮よみ	U+039D GREEK CAPITAL LETTER NU
Munu	Ν	短縮よみ	U+039D GREEK CAPITAL LETTER NU
capnu	Ν	短縮よみ	U+039D GREEK CAPITAL LETTER NU
Mcapnu	Ν	短縮よみ	U+039D GREEK CAPITAL LETTER NU
uxi	Ξ	短縮よみ	U+039E GREEK CAPITAL LETTER XI
Muxi	Ξ	短縮よみ	U+039E GREEK CAPITAL LETTER XI
capxi	Ξ	短縮よみ	U+039E GREEK CAPITAL LETTER XI
Mcapxi	Ξ	短縮よみ	U+039E GREEK CAPITAL LETTER XI
uomicron	Ο	短縮よみ	U+039F GREEK CAPITAL LETTER OMICRON
Muomicron	Ο	短縮よみ	U+039F GREEK CAPITAL LETTER OMICRON
capomicron	Ο	短縮よみ	U+039F GREEK CAPITAL LETTER OMICRON
Mcapomicron	Ο	短縮よみ	U+039F GREEK CAPITAL LETTER OMICRON
upi	Π	短縮よみ	U+03A0 GREEK CAPITAL LETTER PI
Mupi	Π	短縮よみ	U+03A0 GREEK CAPITAL LETTER PI
cappi	Π	短縮よみ	U+03A0 GREEK CAPITAL LETTER PI
Mcappi	Π	短縮よみ	U+03A0 GREEK CAPITAL LETTER PI
urho	Ρ	短縮よみ	U+03A1 GREEK CAPITAL LETTER RHO
Murho	Ρ	短縮よみ	U+03A1 GREEK CAPITAL LETTER RHO
caprho	Ρ	短縮よみ	U+03A1 GREEK CAPITAL LETTER RHO
Mcaprho	Ρ	短縮よみ	U+03A1 GREEK CAPITAL LETTER RHO
usigma	Σ	短縮よみ	U+03A3 GREEK CAPITAL LETTER SIGMA
Musigma	Σ	短縮よみ	U+03A3 GREEK CAPITAL LETTER SIGMA
capsigma	Σ	短縮よみ	U+03A3 GREEK CAPITAL LETTER SIGMA
Mcapsigma	Σ	短縮よみ	U+03A3 GREEK CAPITAL LETTER SIGMA
utau	Τ	短縮よみ	U+03A4 GREEK CAPITAL LETTER TAU
Mutau	Τ	短縮よみ	U+03A4 GREEK CAPITAL LETTER TAU
captau	Τ	短縮よみ	U+03A4 GREEK CAPITAL LETTER TAU
Mcaptau	Τ	短縮よみ	U+03A4 GREEK CAPITAL LETTER TAU
uupsilon	Υ	短縮よみ	U+03A5 GREEK CAPITAL LETTER UPSILON
Muupsilon	Υ	短縮よみ	U+03A5 GREEK CAPITAL LETTER UPSILON
capupsilon	Υ	短縮よみ	U+03A5 GREEK CAPITAL LETTER UPSILON
Mcapupsilon	Υ	短縮よみ	U+03A5 GREEK CAPITAL LETTER UPSILON
uphi	Φ	短縮よみ	U+03A6 GREEK CAPITAL LETTER PHI
Muphi	Φ	短縮よみ	U+03A6 GREEK CAPITAL LETTER PHI
capphi	Φ	短縮よみ	U+03A6 GREEK CAPITAL LETTER PHI
Mcapphi	Φ	短縮よみ	U+03A6 GREEK CAPITAL LETTER PHI
uchi	Χ	短縮よみ	U+03A7 GREEK CAPITAL LETTER CHI
Muchi	Χ	短縮よみ	U+03A7 GREEK CAPITAL LETTER CHI
capchi	Χ	短縮よみ	U+03A7 GREEK CAPITAL LETTER CHI
Mcapchi	Χ	短縮よみ	U+03A7 GREEK CAPITAL LETTER CHI
upsi	Ψ	短縮よみ	U+03A8 GREEK CAPITAL LETTER PSI
Mupsi	Ψ	短縮よみ	U+03A8 GREEK CAPITAL LETTER PSI
cappsi	Ψ	短縮よみ	U+03A8 GREEK CAPITAL LETTER PSI
Mcappsi	Ψ	短縮よみ	U+03A8 GREEK CAPITAL LETTER PSI
uomega	Ω	短縮よみ	U+03A9 GREEK CAPITAL LETTER OMEGA
Muomega	Ω	短縮よみ	U+03A9 GREEK CAPITAL LETTER OMEGA
capomega	Ω	短縮よみ	U+03A9 GREEK CAPITAL LETTER OMEGA
Mcapomega	Ω	短縮よみ	U+03A9 GREEK CAPITAL LETTER OMEGA
udigamma	Ϝ	短縮よみ	U+03DC GREEK LETTER DIGAMMA
Mudigamma	Ϝ	短縮よみ	U+03DC GREEK LETTER DIGAMMA
capdigamma	Ϝ	短縮よみ	U+03DC GREEK LETTER DIGAMMA
Mcapdigamma	Ϝ	短縮よみ	U+03DC GREEK LETTER DIGAMMA
naturals	ℕ	短縮よみ	U+2115 DOUBLE-STRUCK CAPITAL N
Mnaturals	ℕ	短縮よみ	U+2115 DOUBLE-STRUCK CAPITAL N
natural	ℕ	短縮よみ	U+2115 DOUBLE-STRUCK CAPITAL N
Mnatural	ℕ	短縮よみ	U+2115 DOUBLE-STRUCK CAPITAL N
NN	ℕ	短縮よみ	U+2115 DOUBLE-STRUCK CAPITAL N
MNN	ℕ	短縮よみ	U+2115 DOUBLE-STRUCK CAPITAL N
bbn	ℕ	短縮よみ	U+2115 DOUBLE-STRUCK CAPITAL N
Mbbn	ℕ	短縮よみ	U+2115 DOUBLE-STRUCK CAPITAL N
integers	ℤ	短縮よみ	U+2124 DOUBLE-STRUCK CAPITAL Z
Mintegers	ℤ	短縮よみ	U+2124 DOUBLE-STRUCK CAPITAL Z
integer	ℤ	短縮よみ	U+2124 DOUBLE-STRUCK CAPITAL Z
Minteger	ℤ	短縮よみ	U+2124 DOUBLE-STRUCK CAPITAL Z
ZZ	ℤ	短縮よみ	U+2124 DOUBLE-STRUCK CAPITAL Z
MZZ	ℤ	短縮よみ	U+2124 DOUBLE-STRUCK CAPITAL Z
bbz	ℤ	短縮よみ	U+2124 DOUBLE-STRUCK CAPITAL Z
Mbbz	ℤ	短縮よみ	U+2124 DOUBLE-STRUCK CAPITAL Z
rationals	ℚ	短縮よみ	U+211A DOUBLE-STRUCK CAPITAL Q
Mrationals	ℚ	短縮よみ	U+211A DOUBLE-STRUCK CAPITAL Q
rational	ℚ	短縮よみ	U+211A DOUBLE-STRUCK CAPITAL Q
Mrational	ℚ	短縮よみ	U+211A DOUBLE-STRUCK CAPITAL Q
QQ	ℚ	短縮よみ	U+211A DOUBLE-STRUCK CAPITAL Q
MQQ	ℚ	短縮よみ	U+211A DOUBLE-STRUCK CAPITAL Q
bbq	ℚ	短縮よみ	U+211A DOUBLE-STRUCK CAPITAL Q
Mbbq	ℚ	短縮よみ	U+211A DOUBLE-STRUCK CAPITAL Q
reals	ℝ	短縮よみ	U+211D DOUBLE-STRUCK CAPITAL R
Mreals	ℝ	短縮よみ	U+211D DOUBLE-STRUCK CAPITAL R
real	ℝ	短縮よみ	U+211D DOUBLE-STRUCK CAPITAL R
Mreal	ℝ	短縮よみ	U+211D DOUBLE-STRUCK CAPITAL R
RR	ℝ	短縮よみ	U+211D DOUBLE-STRUCK CAPITAL R
MRR	ℝ	短縮よみ	U+211D DOUBLE-STRUCK CAPITAL R
bbr	ℝ	短縮よみ	U+211D DOUBLE-STRUCK CAPITAL R
Mbbr	ℝ	短縮よみ	U+211D DOUBLE-STRUCK CAPITAL R
complex	ℂ	短縮よみ	U+2102 DOUBLE-STRUCK CAPITAL C
Mcomplex	ℂ	短縮よみ	U+2102 DOUBLE-STRUCK CAPITAL C
complexes	ℂ	短縮よみ	U+2102 DOUBLE-STRUCK CAPITAL C
Mcomplexes	ℂ	短縮よみ	U+2102 DOUBLE-STRUCK CAPITAL C
CC	ℂ	短縮よみ	U+2102 DOUBLE-STRUCK CAPITAL C
MCC	ℂ	短縮よみ	U+2102 DOUBLE-STRUCK CAPITAL C
bbc	ℂ	短縮よみ	U+2102 DOUBLE-STRUCK CAPITAL C
Mbbc	ℂ	短縮よみ	U+2102 DOUBLE-STRUCK CAPITAL C
primeset	ℙ	短縮よみ	U+2119 DOUBLE-STRUCK CAPITAL P
Mprimeset	ℙ	短縮よみ	U+2119 DOUBLE-STRUCK CAPITAL P
PP	ℙ	短縮よみ	U+2119 DOUBLE-STRUCK CAPITAL P
MPP	ℙ	短縮よみ	U+2119 DOUBLE-STRUCK CAPITAL P
bbp	ℙ	短縮よみ	U+2119 DOUBLE-STRUCK CAPITAL P
Mbbp	ℙ	短縮よみ	U+2119 DOUBLE-STRUCK CAPITAL P
bbA	𝔸	短縮よみ	U+1D538 MATHEMATICAL DOUBLE-STRUCK CAPITAL A
MbbA	𝔸	短縮よみ	U+1D538 MATHEMATICAL DOUBLE-STRUCK CAPITAL A
bba	𝔸	短縮よみ	U+1D538 MATHEMATICAL DOUBLE-STRUCK CAPITAL A
Mbba	𝔸	短縮よみ	U+1D538 MATHEMATICAL DOUBLE-STRUCK CAPITAL A
bbB	𝔹	短縮よみ	U+1D539 MATHEMATICAL DOUBLE-STRUCK CAPITAL B
MbbB	𝔹	短縮よみ	U+1D539 MATHEMATICAL DOUBLE-STRUCK CAPITAL B
bbb	𝔹	短縮よみ	U+1D539 MATHEMATICAL DOUBLE-STRUCK CAPITAL B
Mbbb	𝔹	短縮よみ	U+1D539 MATHEMATICAL DOUBLE-STRUCK CAPITAL B
bbD	𝔻	短縮よみ	U+1D53B MATHEMATICAL DOUBLE-STRUCK CAPITAL D
MbbD	𝔻	短縮よみ	U+1D53B MATHEMATICAL DOUBLE-STRUCK CAPITAL D
bbd	𝔻	短縮よみ	U+1D53B MATHEMATICAL DOUBLE-STRUCK CAPITAL D
Mbbd	𝔻	短縮よみ	U+1D53B MATHEMATICAL DOUBLE-STRUCK CAPITAL D
bbE	𝔼	短縮よみ	U+1D53C MATHEMATICAL DOUBLE-STRUCK CAPITAL E
MbbE	𝔼	短縮よみ	U+1D53C MATHEMATICAL DOUBLE-STRUCK CAPITAL E
bbe	𝔼	短縮よみ	U+1D53C MATHEMATICAL DOUBLE-STRUCK CAPITAL E
Mbbe	𝔼	短縮よみ	U+1D53C MATHEMATICAL DOUBLE-STRUCK CAPITAL E
bbF	𝔽	短縮よみ	U+1D53D MATHEMATICAL DOUBLE-STRUCK CAPITAL F
MbbF	𝔽	短縮よみ	U+1D53D MATHEMATICAL DOUBLE-STRUCK CAPITAL F
bbf	𝔽	短縮よみ	U+1D53D MATHEMATICAL DOUBLE-STRUCK CAPITAL F
Mbbf	𝔽	短縮よみ	U+1D53D MATHEMATICAL DOUBLE-STRUCK CAPITAL F
bbG	𝔾	短縮よみ	U+1D53E MATHEMATICAL DOUBLE-STRUCK CAPITAL G
MbbG	𝔾	短縮よみ	U+1D53E MATHEMATICAL DOUBLE-STRUCK CAPITAL G
bbg	𝔾	短縮よみ	U+1D53E MATHEMATICAL DOUBLE-STRUCK CAPITAL G
Mbbg	𝔾	短縮よみ	U+1D53E MATHEMATICAL DOUBLE-STRUCK CAPITAL G
bbH	ℍ	短縮よみ	U+210D DOUBLE-STRUCK CAPITAL H
MbbH	ℍ	短縮よみ	U+210D DOUBLE-STRUCK CAPITAL H
HH	ℍ	短縮よみ	U+210D DOUBLE-STRUCK CAPITAL H
MHH	ℍ	短縮よみ	U+210D DOUBLE-STRUCK CAPITAL H
bbh	ℍ	短縮よみ	U+210D DOUBLE-STRUCK CAPITAL H
Mbbh	ℍ	短縮よみ	U+210D DOUBLE-STRUCK CAPITAL H
bbI	𝕀	短縮よみ	U+1D540 MATHEMATICAL DOUBLE-STRUCK CAPITAL I
MbbI	𝕀	短縮よみ	U+1D540 MATHEMATICAL DOUBLE-STRUCK CAPITAL I
bbi	𝕀	短縮よみ	U+1D540 MATHEMATICAL DOUBLE-STRUCK CAPITAL I
Mbbi	𝕀	短縮よみ	U+1D540 MATHEMATICAL DOUBLE-STRUCK CAPITAL I
bbJ	𝕁	短縮よみ	U+1D541 MATHEMATICAL DOUBLE-STRUCK CAPITAL J
MbbJ	𝕁	短縮よみ	U+1D541 MATHEMATICAL DOUBLE-STRUCK CAPITAL J
bbj	𝕁	短縮よみ	U+1D541 MATHEMATICAL DOUBLE-STRUCK CAPITAL J
Mbbj	𝕁	短縮よみ	U+1D541 MATHEMATICAL DOUBLE-STRUCK CAPITAL J
bbK	𝕂	短縮よみ	U+1D542 MATHEMATICAL DOUBLE-STRUCK CAPITAL K
MbbK	𝕂	短縮よみ	U+1D542 MATHEMATICAL DOUBLE-STRUCK CAPITAL K
bbk	𝕂	短縮よみ	U+1D542 MATHEMATICAL DOUBLE-STRUCK CAPITAL K
Mbbk	𝕂	短縮よみ	U+1D542 MATHEMATICAL DOUBLE-STRUCK CAPITAL K
bbL	𝕃	短縮よみ	U+1D543 MATHEMATICAL DOUBLE-STRUCK CAPITAL L
MbbL	𝕃	短縮よみ	U+1D543 MATHEMATICAL DOUBLE-STRUCK CAPITAL L
bbl	𝕃	短縮よみ	U+1D543 MATHEMATICAL DOUBLE-STRUCK CAPITAL L
Mbbl	𝕃	短縮よみ	U+1D543 MATHEMATICAL DOUBLE-STRUCK CAPITAL L
bbM	𝕄	短縮よみ	U+1D544 MATHEMATICAL DOUBLE-STRUCK CAPITAL M
MbbM	𝕄	短縮よみ	U+1D544 MATHEMATICAL DOUBLE-STRUCK CAPITAL M
bbm	𝕄	短縮よみ	U+1D544 MATHEMATICAL DOUBLE-STRUCK CAPITAL M
Mbbm	𝕄	短縮よみ	U+1D544 MATHEMATICAL DOUBLE-STRUCK CAPITAL M
bbO	𝕆	短縮よみ	U+1D546 MATHEMATICAL DOUBLE-STRUCK CAPITAL O
MbbO	𝕆	短縮よみ	U+1D546 MATHEMATICAL DOUBLE-STRUCK CAPITAL O
bbo	𝕆	短縮よみ	U+1D546 MATHEMATICAL DOUBLE-STRUCK CAPITAL O
Mbbo	𝕆	短縮よみ	U+1D546 MATHEMATICAL DOUBLE-STRUCK CAPITAL O
bbS	𝕊	短縮よみ	U+1D54A MATHEMATICAL DOUBLE-STRUCK CAPITAL S
MbbS	𝕊	短縮よみ	U+1D54A MATHEMATICAL DOUBLE-STRUCK CAPITAL S
bbs	𝕊	短縮よみ	U+1D54A MATHEMATICAL DOUBLE-STRUCK CAPITAL S
Mbbs	𝕊	短縮よみ	U+1D54A MATHEMATICAL DOUBLE-STRUCK CAPITAL S
bbT	𝕋	短縮よみ	U+1D54B MATHEMATICAL DOUBLE-STRUCK CAPITAL T
MbbT	𝕋	短縮よみ	U+1D54B MATHEMATICAL DOUBLE-STRUCK CAPITAL T
bbt	𝕋	短縮よみ	U+1D54B MATHEMATICAL DOUBLE-STRUCK CAPITAL T
Mbbt	𝕋	短縮よみ	U+1D54B MATHEMATICAL DOUBLE-STRUCK CAPITAL T
bbU	𝕌	短縮よみ	U+1D54C MATHEMATICAL DOUBLE-STRUCK CAPITAL U
MbbU	𝕌	短縮よみ	U+1D54C MATHEMATICAL DOUBLE-STRUCK CAPITAL U
bbu	𝕌	短縮よみ	U+1D54C MATHEMATICAL DOUBLE-STRUCK CAPITAL U
Mbbu	𝕌	短縮よみ	U+1D54C MATHEMATICAL DOUBLE-STRUCK CAPITAL U
bbV	𝕍	短縮よみ	U+1D54D MATHEMATICAL DOUBLE-STRUCK CAPITAL V
MbbV	𝕍	短縮よみ	U+1D54D MATHEMATICAL DOUBLE-STRUCK CAPITAL V
bbv	𝕍	短縮よみ	U+1D54D MATHEMATICAL DOUBLE-STRUCK CAPITAL V
Mbbv	𝕍	短縮よみ	U+1D54D MATHEMATICAL DOUBLE-STRUCK CAPITAL V
bbW	𝕎	短縮よみ	U+1D54E MATHEMATICAL DOUBLE-STRUCK CAPITAL W
MbbW	𝕎	短縮よみ	U+1D54E MATHEMATICAL DOUBLE-STRUCK CAPITAL W
bbw	𝕎	短縮よみ	U+1D54E MATHEMATICAL DOUBLE-STRUCK CAPITAL W
Mbbw	𝕎	短縮よみ	U+1D54E MATHEMATICAL DOUBLE-STRUCK CAPITAL W
bbX	𝕏	短縮よみ	U+1D54F MATHEMATICAL DOUBLE-STRUCK CAPITAL X
MbbX	𝕏	短縮よみ	U+1D54F MATHEMATICAL DOUBLE-STRUCK CAPITAL X
bbx	𝕏	短縮よみ	U+1D54F MATHEMATICAL DOUBLE-STRUCK CAPITAL X
Mbbx	𝕏	短縮よみ	U+1D54F MATHEMATICAL DOUBLE-STRUCK CAPITAL X
bbY	𝕐	短縮よみ	U+1D550 MATHEMATICAL DOUBLE-STRUCK CAPITAL Y
MbbY	𝕐	短縮よみ	U+1D550 MATHEMATICAL DOUBLE-STRUCK CAPITAL Y
bby	𝕐	短縮よみ	U+1D550 MATHEMATICAL DOUBLE-STRUCK CAPITAL Y
Mbby	𝕐	短縮よみ	U+1D550 MATHEMATICAL DOUBLE-STRUCK CAPITAL Y
calA	𝒜	短縮よみ	U+1D49C MATHEMATICAL SCRIPT CAPITAL A
McalA	𝒜	短縮よみ	U+1D49C MATHEMATICAL SCRIPT CAPITAL A
calB	ℬ	短縮よみ	U+212C SCRIPT CAPITAL B
McalB	ℬ	短縮よみ	U+212C SCRIPT CAPITAL B
calC	𝒞	短縮よみ	U+1D49E MATHEMATICAL SCRIPT CAPITAL C
McalC	𝒞	短縮よみ	U+1D49E MATHEMATICAL SCRIPT CAPITAL C
calD	𝒟	短縮よみ	U+1D49F MATHEMATICAL SCRIPT CAPITAL D
McalD	𝒟	短縮よみ	U+1D49F MATHEMATICAL SCRIPT CAPITAL D
calE	ℰ	短縮よみ	U+2130 SCRIPT CAPITAL E
McalE	ℰ	短縮よみ	U+2130 SCRIPT CAPITAL E
calF	ℱ	短縮よみ	U+2131 SCRIPT CAPITAL F
McalF	ℱ	短縮よみ	U+2131 SCRIPT CAPITAL F
calG	𝒢	短縮よみ	U+1D4A2 MATHEMATICAL SCRIPT CAPITAL G
McalG	𝒢	短縮よみ	U+1D4A2 MATHEMATICAL SCRIPT CAPITAL G
calH	ℋ	短縮よみ	U+210B SCRIPT CAPITAL H
McalH	ℋ	短縮よみ	U+210B SCRIPT CAPITAL H
calI	ℐ	短縮よみ	U+2110 SCRIPT CAPITAL I
McalI	ℐ	短縮よみ	U+2110 SCRIPT CAPITAL I
calJ	𝒥	短縮よみ	U+1D4A5 MATHEMATICAL SCRIPT CAPITAL J
McalJ	𝒥	短縮よみ	U+1D4A5 MATHEMATICAL SCRIPT CAPITAL J
calK	𝒦	短縮よみ	U+1D4A6 MATHEMATICAL SCRIPT CAPITAL K
McalK	𝒦	短縮よみ	U+1D4A6 MATHEMATICAL SCRIPT CAPITAL K
calL	ℒ	短縮よみ	U+2112 SCRIPT CAPITAL L
McalL	ℒ	短縮よみ	U+2112 SCRIPT CAPITAL L
calM	ℳ	短縮よみ	U+2133 SCRIPT CAPITAL M
McalM	ℳ	短縮よみ	U+2133 SCRIPT CAPITAL M
calN	𝒩	短縮よみ	U+1D4A9 MATHEMATICAL SCRIPT CAPITAL N
McalN	𝒩	短縮よみ	U+1D4A9 MATHEMATICAL SCRIPT CAPITAL N
calO	𝒪	短縮よみ	U+1D4AA MATHEMATICAL SCRIPT CAPITAL O
McalO	𝒪	短縮よみ	U+1D4AA MATHEMATICAL SCRIPT CAPITAL O
calP	𝒫	短縮よみ	U+1D4AB MATHEMATICAL SCRIPT CAPITAL P
McalP	𝒫	短縮よみ	U+1D4AB MATHEMATICAL SCRIPT CAPITAL P
calQ	𝒬	短縮よみ	U+1D4AC MATHEMATICAL SCRIPT CAPITAL Q
McalQ	𝒬	短縮よみ	U+1D4AC MATHEMATICAL SCRIPT CAPITAL Q
calR	ℛ	短縮よみ	U+211B SCRIPT CAPITAL R
McalR	ℛ	短縮よみ	U+211B SCRIPT CAPITAL R
calS	𝒮	短縮よみ	U+1D4AE MATHEMATICAL SCRIPT CAPITAL S
McalS	𝒮	短縮よみ	U+1D4AE MATHEMATICAL SCRIPT CAPITAL S
calT	𝒯	短縮よみ	U+1D4AF MATHEMATICAL SCRIPT CAPITAL T
McalT	𝒯	短縮よみ	U+1D4AF MATHEMATICAL SCRIPT CAPITAL T
calU	𝒰	短縮よみ	U+1D4B0 MATHEMATICAL SCRIPT CAPITAL U
McalU	𝒰	短縮よみ	U+1D4B0 MATHEMATICAL SCRIPT CAPITAL U
calV	𝒱	短縮よみ	U+1D4B1 MATHEMATICAL SCRIPT CAPITAL V
McalV	𝒱	短縮よみ	U+1D4B1 MATHEMATICAL SCRIPT CAPITAL V
calW	𝒲	短縮よみ	U+1D4B2 MATHEMATICAL SCRIPT CAPITAL W
McalW	𝒲	短縮よみ	U+1D4B2 MATHEMATICAL SCRIPT CAPITAL W
calX	𝒳	短縮よみ	U+1D4B3 MATHEMATICAL SCRIPT CAPITAL X
McalX	𝒳	短縮よみ	U+1D4B3 MATHEMATICAL SCRIPT CAPITAL X
calY	𝒴	短縮よみ	U+1D4B4 MATHEMATICAL SCRIPT CAPITAL Y
McalY	𝒴	短縮よみ	U+1D4B4 MATHEMATICAL SCRIPT CAPITAL Y
calZ	𝒵	短縮よみ	U+1D4B5 MATHEMATICAL SCRIPT CAPITAL Z
McalZ	𝒵	短縮よみ	U+1D4B5 MATHEMATICAL SCRIPT CAPITAL Z
frakA	𝔄	短縮よみ	U+1D504 MATHEMATICAL FRAKTUR CAPITAL A
MfrakA	𝔄	短縮よみ	U+1D504 MATHEMATICAL FRAKTUR CAPITAL A
frakB	𝔅	短縮よみ	U+1D505 MATHEMATICAL FRAKTUR CAPITAL B
MfrakB	𝔅	短縮よみ	U+1D505 MATHEMATICAL FRAKTUR CAPITAL B
frakC	ℭ	短縮よみ	U+212D BLACK-LETTER CAPITAL C
MfrakC	ℭ	短縮よみ	U+212D BLACK-LETTER CAPITAL C
frakD	𝔇	短縮よみ	U+1D507 MATHEMATICAL FRAKTUR CAPITAL D
MfrakD	𝔇	短縮よみ	U+1D507 MATHEMATICAL FRAKTUR CAPITAL D
frakE	𝔈	短縮よみ	U+1D508 MATHEMATICAL FRAKTUR CAPITAL E
MfrakE	𝔈	短縮よみ	U+1D508 MATHEMATICAL FRAKTUR CAPITAL E
frakF	𝔉	短縮よみ	U+1D509 MATHEMATICAL FRAKTUR CAPITAL F
MfrakF	𝔉	短縮よみ	U+1D509 MATHEMATICAL FRAKTUR CAPITAL F
frakG	𝔊	短縮よみ	U+1D50A MATHEMATICAL FRAKTUR CAPITAL G
MfrakG	𝔊	短縮よみ	U+1D50A MATHEMATICAL FRAKTUR CAPITAL G
frakH	ℌ	短縮よみ	U+210C BLACK-LETTER CAPITAL H
MfrakH	ℌ	短縮よみ	U+210C BLACK-LETTER CAPITAL H
frakI	ℑ	短縮よみ	U+2111 BLACK-LETTER CAPITAL I
MfrakI	ℑ	短縮よみ	U+2111 BLACK-LETTER CAPITAL I
frakJ	𝔍	短縮よみ	U+1D50D MATHEMATICAL FRAKTUR CAPITAL J
MfrakJ	𝔍	短縮よみ	U+1D50D MATHEMATICAL FRAKTUR CAPITAL J
frakK	𝔎	短縮よみ	U+1D50E MATHEMATICAL FRAKTUR CAPITAL K
MfrakK	𝔎	短縮よみ	U+1D50E MATHEMATICAL FRAKTUR CAPITAL K
frakL	𝔏	短縮よみ	U+1D50F MATHEMATICAL FRAKTUR CAPITAL L
MfrakL	𝔏	短縮よみ	U+1D50F MATHEMATICAL FRAKTUR CAPITAL L
frakM	𝔐	短縮よみ	U+1D510 MATHEMATICAL FRAKTUR CAPITAL M
MfrakM	𝔐	短縮よみ	U+1D510 MATHEMATICAL FRAKTUR CAPITAL M
frakN	𝔑	短縮よみ	U+1D511 MATHEMATICAL FRAKTUR CAPITAL N
MfrakN	𝔑	短縮よみ	U+1D511 MATHEMATICAL FRAKTUR CAPITAL N
frakO	𝔒	短縮よみ	U+1D512 MATHEMATICAL FRAKTUR CAPITAL O
MfrakO	𝔒	短縮よみ	U+1D512 MATHEMATICAL FRAKTUR CAPITAL O
frakP	𝔓	短縮よみ	U+1D513 MATHEMATICAL FRAKTUR CAPITAL P
MfrakP	𝔓	短縮よみ	U+1D513 MATHEMATICAL FRAKTUR CAPITAL P
frakQ	𝔔	短縮よみ	U+1D514 MATHEMATICAL FRAKTUR CAPITAL Q
MfrakQ	𝔔	短縮よみ	U+1D514 MATHEMATICAL FRAKTUR CAPITAL Q
frakR	ℜ	短縮よみ	U+211C BLACK-LETTER CAPITAL R
MfrakR	ℜ	短縮よみ	U+211C BLACK-LETTER CAPITAL R
frakS	𝔖	短縮よみ	U+1D516 MATHEMATICAL FRAKTUR CAPITAL S
MfrakS	𝔖	短縮よみ	U+1D516 MATHEMATICAL FRAKTUR CAPITAL S
frakT	𝔗	短縮よみ	U+1D517 MATHEMATICAL FRAKTUR CAPITAL T
MfrakT	𝔗	短縮よみ	U+1D517 MATHEMATICAL FRAKTUR CAPITAL T
frakU	𝔘	短縮よみ	U+1D518 MATHEMATICAL FRAKTUR CAPITAL U
MfrakU	𝔘	短縮よみ	U+1D518 MATHEMATICAL FRAKTUR CAPITAL U
frakV	𝔙	短縮よみ	U+1D519 MATHEMATICAL FRAKTUR CAPITAL V
MfrakV	𝔙	短縮よみ	U+1D519 MATHEMATICAL FRAKTUR CAPITAL V
frakW	𝔚	短縮よみ	U+1D51A MATHEMATICAL FRAKTUR CAPITAL W
MfrakW	𝔚	短縮よみ	U+1D51A MATHEMATICAL FRAKTUR CAPITAL W
frakX	𝔛	短縮よみ	U+1D51B MATHEMATICAL FRAKTUR CAPITAL X
MfrakX	𝔛	短縮よみ	U+1D51B MATHEMATICAL FRAKTUR CAPITAL X
frakY	𝔜	短縮よみ	U+1D51C MATHEMATICAL FRAKTUR CAPITAL Y
MfrakY	𝔜	短縮よみ	U+1D51C MATHEMATICAL FRAKTUR CAPITAL Y
frakZ	ℨ	短縮よみ	U+2128 BLACK-LETTER CAPITAL Z
MfrakZ	ℨ	短縮よみ	U+2128 BLACK-LETTER CAPITAL Z
sup0	⁰	短縮よみ	U+2070 SUPERSCRIPT ZERO
Msup0	⁰	短縮よみ	U+2070 SUPERSCRIPT ZERO
Msup０	⁰	短縮よみ	U+2070 SUPERSCRIPT ZERO
sup1	¹	短縮よみ	U+00B9 SUPERSCRIPT ONE
Msup1	¹	短縮よみ	U+00B9 SUPERSCRIPT ONE
Msup１	¹	短縮よみ	U+00B9 SUPERSCRIPT ONE
sup2	²	短縮よみ	U+00B2 SUPERSCRIPT TWO
Msup2	²	短縮よみ	U+00B2 SUPERSCRIPT TWO
Msup２	²	短縮よみ	U+00B2 SUPERSCRIPT TWO
sup3	³	短縮よみ	U+00B3 SUPERSCRIPT THREE
Msup3	³	短縮よみ	U+00B3 SUPERSCRIPT THREE
Msup３	³	短縮よみ	U+00B3 SUPERSCRIPT THREE
sup4	⁴	短縮よみ	U+2074 SUPERSCRIPT FOUR
Msup4	⁴	短縮よみ	U+2074 SUPERSCRIPT FOUR
Msup４	⁴	短縮よみ	U+2074 SUPERSCRIPT FOUR
sup5	⁵	短縮よみ	U+2075 SUPERSCRIPT FIVE
Msup5	⁵	短縮よみ	U+2075 SUPERSCRIPT FIVE
Msup５	⁵	短縮よみ	U+2075 SUPERSCRIPT FIVE
sup6	⁶	短縮よみ	U+2076 SUPERSCRIPT SIX
Msup6	⁶	短縮よみ	U+2076 SUPERSCRIPT SIX
Msup６	⁶	短縮よみ	U+2076 SUPERSCRIPT SIX
sup7	⁷	短縮よみ	U+2077 SUPERSCRIPT SEVEN
Msup7	⁷	短縮よみ	U+2077 SUPERSCRIPT SEVEN
Msup７	⁷	短縮よみ	U+2077 SUPERSCRIPT SEVEN
sup8	⁸	短縮よみ	U+2078 SUPERSCRIPT EIGHT
Msup8	⁸	短縮よみ	U+2078 SUPERSCRIPT EIGHT
Msup８	⁸	短縮よみ	U+2078 SUPERSCRIPT EIGHT
sup9	⁹	短縮よみ	U+2079 SUPERSCRIPT NINE
Msup9	⁹	短縮よみ	U+2079 SUPERSCRIPT NINE
Msup９	⁹	短縮よみ	U+2079 SUPERSCRIPT NINE
supplus	⁺	短縮よみ	U+207A SUPERSCRIPT PLUS SIGN
Msupplus	⁺	短縮よみ	U+207A SUPERSCRIPT PLUS SIGN
supminus	⁻	短縮よみ	U+207B SUPERSCRIPT MINUS
Msupminus	⁻	短縮よみ	U+207B SUPERSCRIPT MINUS
supeq	⁼	短縮よみ	U+207C SUPERSCRIPT EQUALS SIGN
Msupeq	⁼	短縮よみ	U+207C SUPERSCRIPT EQUALS SIGN
suplparen	⁽	短縮よみ	U+207D SUPERSCRIPT LEFT PARENTHESIS
Msuplparen	⁽	短縮よみ	U+207D SUPERSCRIPT LEFT PARENTHESIS
suprparen	⁾	短縮よみ	U+207E SUPERSCRIPT RIGHT PARENTHESIS
Msuprparen	⁾	短縮よみ	U+207E SUPERSCRIPT RIGHT PARENTHESIS
supi	ⁱ	短縮よみ	U+2071 SUPERSCRIPT LATIN SMALL LETTER I
Msupi	ⁱ	短縮よみ	U+2071 SUPERSCRIPT LATIN SMALL LETTER I
supn	ⁿ	短縮よみ	U+207F SUPERSCRIPT LATIN SMALL LETTER N
Msupn	ⁿ	短縮よみ	U+207F SUPERSCRIPT LATIN SMALL LETTER N
sub0	₀	短縮よみ	U+2080 SUBSCRIPT ZERO
Msub0	₀	短縮よみ	U+2080 SUBSCRIPT ZERO
Msub０	₀	短縮よみ	U+2080 SUBSCRIPT ZERO
sub1	₁	短縮よみ	U+2081 SUBSCRIPT ONE
Msub1	₁	短縮よみ	U+2081 SUBSCRIPT ONE
Msub１	₁	短縮よみ	U+2081 SUBSCRIPT ONE
sub2	₂	短縮よみ	U+2082 SUBSCRIPT TWO
Msub2	₂	短縮よみ	U+2082 SUBSCRIPT TWO
Msub２	₂	短縮よみ	U+2082 SUBSCRIPT TWO
sub3	₃	短縮よみ	U+2083 SUBSCRIPT THREE
Msub3	₃	短縮よみ	U+2083 SUBSCRIPT THREE
Msub３	₃	短縮よみ	U+2083 SUBSCRIPT THREE
sub4	₄	短縮よみ	U+2084 SUBSCRIPT FOUR
Msub4	₄	短縮よみ	U+2084 SUBSCRIPT FOUR
Msub４	₄	短縮よみ	U+2084 SUBSCRIPT FOUR
sub5	₅	短縮よみ	U+2085 SUBSCRIPT FIVE
Msub5	₅	短縮よみ	U+2085 SUBSCRIPT FIVE
Msub５	₅	短縮よみ	U+2085 SUBSCRIPT FIVE
sub6	₆	短縮よみ	U+2086 SUBSCRIPT SIX
Msub6	₆	短縮よみ	U+2086 SUBSCRIPT SIX
Msub６	₆	短縮よみ	U+2086 SUBSCRIPT SIX
sub7	₇	短縮よみ	U+2087 SUBSCRIPT SEVEN
Msub7	₇	短縮よみ	U+2087 SUBSCRIPT SEVEN
Msub７	₇	短縮よみ	U+2087 SUBSCRIPT SEVEN
sub8	₈	短縮よみ	U+2088 SUBSCRIPT EIGHT
Msub8	₈	短縮よみ	U+2088 SUBSCRIPT EIGHT
Msub８	₈	短縮よみ	U+2088 SUBSCRIPT EIGHT
sub9	₉	短縮よみ	U+2089 SUBSCRIPT NINE
Msub9	₉	短縮よみ	U+2089 SUBSCRIPT NINE
Msub９	₉	短縮よみ	U+2089 SUBSCRIPT NINE
subplus	₊	短縮よみ	U+208A SUBSCRIPT PLUS SIGN
Msubplus	₊	短縮よみ	U+208A SUBSCRIPT PLUS SIGN
subminus	₋	短縮よみ	U+208B SUBSCRIPT MINUS
Msubminus	₋	短縮よみ	U+208B SUBSCRIPT MINUS
subeq	₌	短縮よみ	U+208C SUBSCRIPT EQUALS SIGN
Msubeq	₌	短縮よみ	U+208C SUBSCRIPT EQUALS SIGN
sublparen	₍	短縮よみ	U+208D SUBSCRIPT LEFT PARENTHESIS
Msublparen	₍	短縮よみ	U+208D SUBSCRIPT LEFT PARENTHESIS
subrparen	₎	短縮よみ	U+208E SUBSCRIPT RIGHT PARENTHESIS
Msubrparen	₎	短縮よみ	U+208E SUBSCRIPT RIGHT PARENTHESIS
suba	ₐ	短縮よみ	U+2090 LATIN SUBSCRIPT SMALL LETTER A
Msuba	ₐ	短縮よみ	U+2090 LATIN SUBSCRIPT SMALL LETTER A
subh	ₕ	短縮よみ	U+2095 LATIN SUBSCRIPT SMALL LETTER H
Msubh	ₕ	短縮よみ	U+2095 LATIN SUBSCRIPT SMALL LETTER H
subi	ᵢ	短縮よみ	U+1D62 LATIN SUBSCRIPT SMALL LETTER I
Msubi	ᵢ	短縮よみ	U+1D62 LATIN SUBSCRIPT SMALL LETTER I
subj	ⱼ	短縮よみ	U+2C7C LATIN SUBSCRIPT SMALL LETTER J
Msubj	ⱼ	短縮よみ	U+2C7C LATIN SUBSCRIPT SMALL LETTER J
subk	ₖ	短縮よみ	U+2096 LATIN SUBSCRIPT SMALL LETTER K
Msubk	ₖ	短縮よみ	U+2096 LATIN SUBSCRIPT SMALL LETTER K
subl	ₗ	短縮よみ	U+2097 LATIN SUBSCRIPT SMALL LETTER L
Msubl	ₗ	短縮よみ	U+2097 LATIN SUBSCRIPT SMALL LETTER L
subm	ₘ	短縮よみ	U+2098 LATIN SUBSCRIPT SMALL LETTER M
Msubm	ₘ	短縮よみ	U+2098 LATIN SUBSCRIPT SMALL LETTER M
subn	ₙ	短縮よみ	U+2099 LATIN SUBSCRIPT SMALL LETTER N
Msubn	ₙ	短縮よみ	U+2099 LATIN SUBSCRIPT SMALL LETTER N
subo	ₒ	短縮よみ	U+2092 LATIN SUBSCRIPT SMALL LETTER O
Msubo	ₒ	短縮よみ	U+2092 LATIN SUBSCRIPT SMALL LETTER O
subp	ₚ	短縮よみ	U+209A LATIN SUBSCRIPT SMALL LETTER P
Msubp	ₚ	短縮よみ	U+209A LATIN SUBSCRIPT SMALL LETTER P
subr	ᵣ	短縮よみ	U+1D63 LATIN SUBSCRIPT SMALL LETTER R
Msubr	ᵣ	短縮よみ	U+1D63 LATIN SUBSCRIPT SMALL LETTER R
subs	ₛ	短縮よみ	U+209B LATIN SUBSCRIPT SMALL LETTER S
Msubs	ₛ	短縮よみ	U+209B LATIN SUBSCRIPT SMALL LETTER S
subt	ₜ	短縮よみ	U+209C LATIN SUBSCRIPT SMALL LETTER T
Msubt	ₜ	短縮よみ	U+209C LATIN SUBSCRIPT SMALL LETTER T
subu	ᵤ	短縮よみ	U+1D64 LATIN SUBSCRIPT SMALL LETTER U
Msubu	ᵤ	短縮よみ	U+1D64 LATIN SUBSCRIPT SMALL LETTER U
subv	ᵥ	短縮よみ	U+1D65 LATIN SUBSCRIPT SMALL LETTER V
Msubv	ᵥ	短縮よみ	U+1D65 LATIN SUBSCRIPT SMALL LETTER V
subx	ₓ	短縮よみ	U+2093 LATIN SUBSCRIPT SMALL LETTER X
Msubx	ₓ	短縮よみ	U+2093 LATIN SUBSCRIPT SMALL LETTER X
half	½	短縮よみ	U+00BD VULGAR FRACTION ONE HALF
Mhalf	½	短縮よみ	U+00BD VULGAR FRACTION ONE HALF
quarter	¼	短縮よみ	U+00BC VULGAR FRACTION ONE QUARTER
Mquarter	¼	短縮よみ	U+00BC VULGAR FRACTION ONE QUARTER
threequarters	¾	短縮よみ	U+00BE VULGAR FRACTION THREE QUARTERS
Mthreequarters	¾	短縮よみ	U+00BE VULGAR FRACTION THREE QUARTERS
onethird	⅓	短縮よみ	U+2153 VULGAR FRACTION ONE THIRD
Monethird	⅓	短縮よみ	U+2153 VULGAR FRACTION ONE THIRD
twothirds	⅔	短縮よみ	U+2154 VULGAR FRACTION TWO THIRDS
Mtwothirds	⅔	短縮よみ	U+2154 VULGAR FRACTION TWO THIRDS
onefifth	⅕	短縮よみ	U+2155 VULGAR FRACTION ONE FIFTH
Monefifth	⅕	短縮よみ	U+2155 VULGAR FRACTION ONE FIFTH
twofifths	⅖	短縮よみ	U+2156 VULGAR FRACTION TWO FIFTHS
Mtwofifths	⅖	短縮よみ	U+2156 VULGAR FRACTION TWO FIFTHS
threefifths	⅗	短縮よみ	U+2157 VULGAR FRACTION THREE FIFTHS
Mthreefifths	⅗	短縮よみ	U+2157 VULGAR FRACTION THREE FIFTHS
fourfifths	⅘	短縮よみ	U+2158 VULGAR FRACTION FOUR FIFTHS
Mfourfifths	⅘	短縮よみ	U+2158 VULGAR FRACTION FOUR FIFTHS
onesixth	⅙	短縮よみ	U+2159 VULGAR FRACTION ONE SIXTH
Monesixth	⅙	短縮よみ	U+2159 VULGAR FRACTION ONE SIXTH
fivesixths	⅚	短縮よみ	U+215A VULGAR FRACTION FIVE SIXTHS
Mfivesixths	⅚	短縮よみ	U+215A VULGAR FRACTION FIVE SIXTHS
oneeighth	⅛	短縮よみ	U+215B VULGAR FRACTION ONE EIGHTH
Moneeighth	⅛	短縮よみ	U+215B VULGAR FRACTION ONE EIGHTH
threeeighths	⅜	短縮よみ	U+215C VULGAR FRACTION THREE EIGHTHS
Mthreeeighths	⅜	短縮よみ	U+215C VULGAR FRACTION THREE EIGHTHS
fiveeighths	⅝	短縮よみ	U+215D VULGAR FRACTION FIVE EIGHTHS
Mfiveeighths	⅝	短縮よみ	U+215D VULGAR FRACTION FIVE EIGHTHS
seveneighths	⅞	短縮よみ	U+215E VULGAR FRACTION SEVEN EIGHTHS
Mseveneighths	⅞	短縮よみ	U+215E VULGAR FRACTION SEVEN EIGHTHS
fracslash	⁄	短縮よみ	U+2044 FRACTION SLASH
Mfracslash	⁄	短縮よみ	U+2044 FRACTION SLASH
arrow.r	→	短縮よみ	U+2192 RIGHTWARDS ARROW
Marrow.r	→	短縮よみ	U+2192 RIGHTWARDS ARROW
Marrow．r	→	短縮よみ	U+2192 RIGHTWARDS ARROW
arrow.l	←	短縮よみ	U+2190 LEFTWARDS ARROW
Marrow.l	←	短縮よみ	U+2190 LEFTWARDS ARROW
Marrow．l	←	短縮よみ	U+2190 LEFTWARDS ARROW
arrow.u	↑	短縮よみ	U+2191 UPWARDS ARROW
Marrow.u	↑	短縮よみ	U+2191 UPWARDS ARROW
Marrow．u	↑	短縮よみ	U+2191 UPWARDS ARROW
arrow.d	↓	短縮よみ	U+2193 DOWNWARDS ARROW
Marrow.d	↓	短縮よみ	U+2193 DOWNWARDS ARROW
Marrow．d	↓	短縮よみ	U+2193 DOWNWARDS ARROW
arrow.l.r	↔	短縮よみ	U+2194 LEFT RIGHT ARROW
Marrow.l.r	↔	短縮よみ	U+2194 LEFT RIGHT ARROW
Marrow．l．r	↔	短縮よみ	U+2194 LEFT RIGHT ARROW
arrow.r.double	⇒	短縮よみ	U+21D2 RIGHTWARDS DOUBLE ARROW
Marrow.r.double	⇒	短縮よみ	U+21D2 RIGHTWARDS DOUBLE ARROW
Marrow．r．double	⇒	短縮よみ	U+21D2 RIGHTWARDS DOUBLE ARROW
arrow.l.double	⇐	短縮よみ	U+21D0 LEFTWARDS DOUBLE ARROW
Marrow.l.double	⇐	短縮よみ	U+21D0 LEFTWARDS DOUBLE ARROW
Marrow．l．double	⇐	短縮よみ	U+21D0 LEFTWARDS DOUBLE ARROW
arrow.l.r.double	⇔	短縮よみ	U+21D4 LEFT RIGHT DOUBLE ARROW
Marrow.l.r.double	⇔	短縮よみ	U+21D4 LEFT RIGHT DOUBLE ARROW
Marrow．l．r．double	⇔	短縮よみ	U+21D4 LEFT RIGHT DOUBLE ARROW
arrow.r.long	⟶	短縮よみ	U+27F6 LONG RIGHTWARDS ARROW
Marrow.r.long	⟶	短縮よみ	U+27F6 LONG RIGHTWARDS ARROW
Marrow．r．long	⟶	短縮よみ	U+27F6 LONG RIGHTWARDS ARROW
arrow.l.long	⟵	短縮よみ	U+27F5 LONG LEFTWARDS ARROW
Marrow.l.long	⟵	短縮よみ	U+27F5 LONG LEFTWARDS ARROW
Marrow．l．long	⟵	短縮よみ	U+27F5 LONG LEFTWARDS ARROW
arrow.l.r.long	⟷	短縮よみ	U+27F7 LONG LEFT RIGHT ARROW
Marrow.l.r.long	⟷	短縮よみ	U+27F7 LONG LEFT RIGHT ARROW
Marrow．l．r．long	⟷	短縮よみ	U+27F7 LONG LEFT RIGHT ARROW
arrow.r.double.long	⟹	短縮よみ	U+27F9 LONG RIGHTWARDS DOUBLE ARROW
Marrow.r.double.long	⟹	短縮よみ	U+27F9 LONG RIGHTWARDS DOUBLE ARROW
Marrow．r．double．long	⟹	短縮よみ	U+27F9 LONG RIGHTWARDS DOUBLE ARROW
arrow.l.double.long	⟸	短縮よみ	U+27F8 LONG LEFTWARDS DOUBLE ARROW
Marrow.l.double.long	⟸	短縮よみ	U+27F8 LONG LEFTWARDS DOUBLE ARROW
Marrow．l．double．long	⟸	短縮よみ	U+27F8 LONG LEFTWARDS DOUBLE ARROW
arrow.l.r.double.long	⟺	短縮よみ	U+27FA LONG LEFT RIGHT DOUBLE ARROW
Marrow.l.r.double.long	⟺	短縮よみ	U+27FA LONG LEFT RIGHT DOUBLE ARROW
Marrow．l．r．double．long	⟺	短縮よみ	U+27FA LONG LEFT RIGHT DOUBLE ARROW
arrow.r.bar	↦	短縮よみ	U+21A6 RIGHTWARDS ARROW FROM BAR
Marrow.r.bar	↦	短縮よみ	U+21A6 RIGHTWARDS ARROW FROM BAR
Marrow．r．bar	↦	短縮よみ	U+21A6 RIGHTWARDS ARROW FROM BAR
arrow.l.bar	↤	短縮よみ	U+21A4 LEFTWARDS ARROW FROM BAR
Marrow.l.bar	↤	短縮よみ	U+21A4 LEFTWARDS ARROW FROM BAR
Marrow．l．bar	↤	短縮よみ	U+21A4 LEFTWARDS ARROW FROM BAR
arrow.r.tail	↣	短縮よみ	U+21A3 RIGHTWARDS ARROW WITH TAIL
Marrow.r.tail	↣	短縮よみ	U+21A3 RIGHTWARDS ARROW WITH TAIL
Marrow．r．tail	↣	短縮よみ	U+21A3 RIGHTWARDS ARROW WITH TAIL
arrow.l.tail	↢	短縮よみ	U+21A2 LEFTWARDS ARROW WITH TAIL
Marrow.l.tail	↢	短縮よみ	U+21A2 LEFTWARDS ARROW WITH TAIL
Marrow．l．tail	↢	短縮よみ	U+21A2 LEFTWARDS ARROW WITH TAIL
arrow.r.twohead	↠	短縮よみ	U+21A0 RIGHTWARDS TWO HEADED ARROW
Marrow.r.twohead	↠	短縮よみ	U+21A0 RIGHTWARDS TWO HEADED ARROW
Marrow．r．twohead	↠	短縮よみ	U+21A0 RIGHTWARDS TWO HEADED ARROW
arrow.l.twohead	↞	短縮よみ	U+219E LEFTWARDS TWO HEADED ARROW
Marrow.l.twohead	↞	短縮よみ	U+219E LEFTWARDS TWO HEADED ARROW
Marrow．l．twohead	↞	短縮よみ	U+219E LEFTWARDS TWO HEADED ARROW
lt.eq	≤	短縮よみ	U+2264 LESS-THAN OR EQUAL TO
Mlt.eq	≤	短縮よみ	U+2264 LESS-THAN OR EQUAL TO
Mlt．eq	≤	短縮よみ	U+2264 LESS-THAN OR EQUAL TO
gt.eq	≥	短縮よみ	U+2265 GREATER-THAN OR EQUAL TO
Mgt.eq	≥	短縮よみ	U+2265 GREATER-THAN OR EQUAL TO
Mgt．eq	≥	短縮よみ	U+2265 GREATER-THAN OR EQUAL TO
eq.not	≠	短縮よみ	U+2260 NOT EQUAL TO
Meq.not	≠	短縮よみ	U+2260 NOT EQUAL TO
Meq．not	≠	短縮よみ	U+2260 NOT EQUAL TO
approx.not	≉	短縮よみ	U+2249 NOT ALMOST EQUAL TO
Mapprox.not	≉	短縮よみ	U+2249 NOT ALMOST EQUAL TO
Mapprox．not	≉	短縮よみ	U+2249 NOT ALMOST EQUAL TO
approx.eq	≊	短縮よみ	U+224A ALMOST EQUAL OR EQUAL TO
Mapprox.eq	≊	短縮よみ	U+224A ALMOST EQUAL OR EQUAL TO
Mapprox．eq	≊	短縮よみ	U+224A ALMOST EQUAL OR EQUAL TO
tilde.eq	≃	短縮よみ	U+2243 ASYMPTOTICALLY EQUAL TO
Mtilde.eq	≃	短縮よみ	U+2243 ASYMPTOTICALLY EQUAL TO
Mtilde．eq	≃	短縮よみ	U+2243 ASYMPTOTICALLY EQUAL TO
tilde.equiv	≅	短縮よみ	U+2245 APPROXIMATELY EQUAL TO
Mtilde.equiv	≅	短縮よみ	U+2245 APPROXIMATELY EQUAL TO
Mtilde．equiv	≅	短縮よみ	U+2245 APPROXIMATELY EQUAL TO
equiv.not	≢	短縮よみ	U+2262 NOT IDENTICAL TO
Mequiv.not	≢	短縮よみ	U+2262 NOT IDENTICAL TO
Mequiv．not	≢	短縮よみ	U+2262 NOT IDENTICAL TO
angle.right	∟	短縮よみ	U+221F RIGHT ANGLE
Mangle.right	∟	短縮よみ	U+221F RIGHT ANGLE
Mangle．right	∟	短縮よみ	U+221F RIGHT ANGLE
angle.arc	∡	短縮よみ	U+2221 MEASURED ANGLE
Mangle.arc	∡	短縮よみ	U+2221 MEASURED ANGLE
Mangle．arc	∡	短縮よみ	U+2221 MEASURED ANGLE
angle.spheric	∢	短縮よみ	U+2222 SPHERICAL ANGLE
Mangle.spheric	∢	短縮よみ	U+2222 SPHERICAL ANGLE
Mangle．spheric	∢	短縮よみ	U+2222 SPHERICAL ANGLE
plus.minus	±	短縮よみ	U+00B1 PLUS-MINUS SIGN
Mplus.minus	±	短縮よみ	U+00B1 PLUS-MINUS SIGN
Mplus．minus	±	短縮よみ	U+00B1 PLUS-MINUS SIGN
minus.plus	∓	短縮よみ	U+2213 MINUS-OR-PLUS SIGN
Mminus.plus	∓	短縮よみ	U+2213 MINUS-OR-PLUS SIGN
Mminus．plus	∓	短縮よみ	U+2213 MINUS-OR-PLUS SIGN
and.big	⋀	短縮よみ	U+22C0 N-ARY LOGICAL AND
Mand.big	⋀	短縮よみ	U+22C0 N-ARY LOGICAL AND
Mand．big	⋀	短縮よみ	U+22C0 N-ARY LOGICAL AND
or.big	⋁	短縮よみ	U+22C1 N-ARY LOGICAL OR
Mor.big	⋁	短縮よみ	U+22C1 N-ARY LOGICAL OR
Mor．big	⋁	短縮よみ	U+22C1 N-ARY LOGICAL OR
!=	≠	短縮よみ	U+2260 NOT EQUAL TO
！＝	≠	短縮よみ	U+2260 NOT EQUAL TO
M!=	≠	短縮よみ	U+2260 NOT EQUAL TO
M！＝	≠	短縮よみ	U+2260 NOT EQUAL TO
<=	≤	短縮よみ	U+2264 LESS-THAN OR EQUAL TO
＜＝	≤	短縮よみ	U+2264 LESS-THAN OR EQUAL TO
M<=	≤	短縮よみ	U+2264 LESS-THAN OR EQUAL TO
M＜＝	≤	短縮よみ	U+2264 LESS-THAN OR EQUAL TO
>=	≥	短縮よみ	U+2265 GREATER-THAN OR EQUAL TO
＞＝	≥	短縮よみ	U+2265 GREATER-THAN OR EQUAL TO
M>=	≥	短縮よみ	U+2265 GREATER-THAN OR EQUAL TO
M＞＝	≥	短縮よみ	U+2265 GREATER-THAN OR EQUAL TO
~~	≈	短縮よみ	U+2248 ALMOST EQUAL TO
～～	≈	短縮よみ	U+2248 ALMOST EQUAL TO
M~~	≈	短縮よみ	U+2248 ALMOST EQUAL TO
M～～	≈	短縮よみ	U+2248 ALMOST EQUAL TO
~=	≅	短縮よみ	U+2245 APPROXIMATELY EQUAL TO
～＝	≅	短縮よみ	U+2245 APPROXIMATELY EQUAL TO
M~=	≅	短縮よみ	U+2245 APPROXIMATELY EQUAL TO
M～＝	≅	短縮よみ	U+2245 APPROXIMATELY EQUAL TO
-=	≡	短縮よみ	U+2261 IDENTICAL TO
－＝	≡	短縮よみ	U+2261 IDENTICAL TO
ー＝	≡	短縮よみ	U+2261 IDENTICAL TO
M-=	≡	短縮よみ	U+2261 IDENTICAL TO
M－＝	≡	短縮よみ	U+2261 IDENTICAL TO
Mー＝	≡	短縮よみ	U+2261 IDENTICAL TO
=>	⇒	短縮よみ	U+21D2 RIGHTWARDS DOUBLE ARROW
＝＞	⇒	短縮よみ	U+21D2 RIGHTWARDS DOUBLE ARROW
M=>	⇒	短縮よみ	U+21D2 RIGHTWARDS DOUBLE ARROW
M＝＞	⇒	短縮よみ	U+21D2 RIGHTWARDS DOUBLE ARROW
<=>	⇔	短縮よみ	U+21D4 LEFT RIGHT DOUBLE ARROW
＜＝＞	⇔	短縮よみ	U+21D4 LEFT RIGHT DOUBLE ARROW
M<=>	⇔	短縮よみ	U+21D4 LEFT RIGHT DOUBLE ARROW
M＜＝＞	⇔	短縮よみ	U+21D4 LEFT RIGHT DOUBLE ARROW
->	→	短縮よみ	U+2192 RIGHTWARDS ARROW
－＞	→	短縮よみ	U+2192 RIGHTWARDS ARROW
ー＞	→	短縮よみ	U+2192 RIGHTWARDS ARROW
M->	→	短縮よみ	U+2192 RIGHTWARDS ARROW
M－＞	→	短縮よみ	U+2192 RIGHTWARDS ARROW
Mー＞	→	短縮よみ	U+2192 RIGHTWARDS ARROW
<-	←	短縮よみ	U+2190 LEFTWARDS ARROW
＜－	←	短縮よみ	U+2190 LEFTWARDS ARROW
＜ー	←	短縮よみ	U+2190 LEFTWARDS ARROW
M<-	←	短縮よみ	U+2190 LEFTWARDS ARROW
M＜－	←	短縮よみ	U+2190 LEFTWARDS ARROW
M＜ー	←	短縮よみ	U+2190 LEFTWARDS ARROW
<->	↔	短縮よみ	U+2194 LEFT RIGHT ARROW
＜－＞	↔	短縮よみ	U+2194 LEFT RIGHT ARROW
＜ー＞	↔	短縮よみ	U+2194 LEFT RIGHT ARROW
M<->	↔	短縮よみ	U+2194 LEFT RIGHT ARROW
M＜－＞	↔	短縮よみ	U+2194 LEFT RIGHT ARROW
M＜ー＞	↔	短縮よみ	U+2194 LEFT RIGHT ARROW
|->	↦	短縮よみ	U+21A6 RIGHTWARDS ARROW FROM BAR
｜－＞	↦	短縮よみ	U+21A6 RIGHTWARDS ARROW FROM BAR
｜ー＞	↦	短縮よみ	U+21A6 RIGHTWARDS ARROW FROM BAR
M|->	↦	短縮よみ	U+21A6 RIGHTWARDS ARROW FROM BAR
M｜－＞	↦	短縮よみ	U+21A6 RIGHTWARDS ARROW FROM BAR
M｜ー＞	↦	短縮よみ	U+21A6 RIGHTWARDS ARROW FROM BAR
!in	∉	短縮よみ	U+2209 NOT AN ELEMENT OF
M!in	∉	短縮よみ	U+2209 NOT AN ELEMENT OF
M！in	∉	短縮よみ	U+2209 NOT AN ELEMENT OF
-<	≺	短縮よみ	U+227A PRECEDES
－＜	≺	短縮よみ	U+227A PRECEDES
ー＜	≺	短縮よみ	U+227A PRECEDES
M-<	≺	短縮よみ	U+227A PRECEDES
M－＜	≺	短縮よみ	U+227A PRECEDES
Mー＜	≺	短縮よみ	U+227A PRECEDES
>-	≻	短縮よみ	U+227B SUCCEEDS
＞－	≻	短縮よみ	U+227B SUCCEEDS
＞ー	≻	短縮よみ	U+227B SUCCEEDS
M>-	≻	短縮よみ	U+227B SUCCEEDS
M＞－	≻	短縮よみ	U+227B SUCCEEDS
M＞ー	≻	短縮よみ	U+227B SUCCEEDS
-<=	≼	短縮よみ	U+227C PRECEDES OR EQUAL TO
－＜＝	≼	短縮よみ	U+227C PRECEDES OR EQUAL TO
ー＜＝	≼	短縮よみ	U+227C PRECEDES OR EQUAL TO
M-<=	≼	短縮よみ	U+227C PRECEDES OR EQUAL TO
M－＜＝	≼	短縮よみ	U+227C PRECEDES OR EQUAL TO
Mー＜＝	≼	短縮よみ	U+227C PRECEDES OR EQUAL TO
>-=	≽	短縮よみ	U+227D SUCCEEDS OR EQUAL TO
＞－＝	≽	短縮よみ	U+227D SUCCEEDS OR EQUAL TO
＞ー＝	≽	短縮よみ	U+227D SUCCEEDS OR EQUAL TO
M>-=	≽	短縮よみ	U+227D SUCCEEDS OR EQUAL TO
M＞－＝	≽	短縮よみ	U+227D SUCCEEDS OR EQUAL TO
M＞ー＝	≽	短縮よみ	U+227D SUCCEEDS OR EQUAL TO
+-	±	短縮よみ	U+00B1 PLUS-MINUS SIGN
＋－	±	短縮よみ	U+00B1 PLUS-MINUS SIGN
＋ー	±	短縮よみ	U+00B1 PLUS-MINUS SIGN
M+-	±	短縮よみ	U+00B1 PLUS-MINUS SIGN
M＋－	±	短縮よみ	U+00B1 PLUS-MINUS SIGN
M＋ー	±	短縮よみ	U+00B1 PLUS-MINUS SIGN
-+	∓	短縮よみ	U+2213 MINUS-OR-PLUS SIGN
－＋	∓	短縮よみ	U+2213 MINUS-OR-PLUS SIGN
ー＋	∓	短縮よみ	U+2213 MINUS-OR-PLUS SIGN
M-+	∓	短縮よみ	U+2213 MINUS-OR-PLUS SIGN
M－＋	∓	短縮よみ	U+2213 MINUS-OR-PLUS SIGN
Mー＋	∓	短縮よみ	U+2213 MINUS-OR-PLUS SIGN
**	∗	短縮よみ	U+2217 ASTERISK OPERATOR
＊＊	∗	短縮よみ	U+2217 ASTERISK OPERATOR
M**	∗	短縮よみ	U+2217 ASTERISK OPERATOR
M＊＊	∗	短縮よみ	U+2217 ASTERISK OPERATOR
***	⋆	短縮よみ	U+22C6 STAR OPERATOR
＊＊＊	⋆	短縮よみ	U+22C6 STAR OPERATOR
M***	⋆	短縮よみ	U+22C6 STAR OPERATOR
M＊＊＊	⋆	短縮よみ	U+22C6 STAR OPERATOR
@	∘	短縮よみ	U+2218 RING OPERATOR
＠	∘	短縮よみ	U+2218 RING OPERATOR
M@	∘	短縮よみ	U+2218 RING OPERATOR
M＠	∘	短縮よみ	U+2218 RING OPERATOR
o+	⊕	短縮よみ	U+2295 CIRCLED PLUS
Mo+	⊕	短縮よみ	U+2295 CIRCLED PLUS
Mo＋	⊕	短縮よみ	U+2295 CIRCLED PLUS
ox	⊗	短縮よみ	U+2297 CIRCLED TIMES
Mox	⊗	短縮よみ	U+2297 CIRCLED TIMES
o.	⊙	短縮よみ	U+2299 CIRCLED DOT OPERATOR
Mo.	⊙	短縮よみ	U+2299 CIRCLED DOT OPERATOR
Mo．	⊙	短縮よみ	U+2299 CIRCLED DOT OPERATOR
^^	∧	短縮よみ	U+2227 LOGICAL AND
＾＾	∧	短縮よみ	U+2227 LOGICAL AND
M^^	∧	短縮よみ	U+2227 LOGICAL AND
M＾＾	∧	短縮よみ	U+2227 LOGICAL AND
vv	∨	短縮よみ	U+2228 LOGICAL OR
Mvv	∨	短縮よみ	U+2228 LOGICAL OR
^^^	⋀	短縮よみ	U+22C0 N-ARY LOGICAL AND
＾＾＾	⋀	短縮よみ	U+22C0 N-ARY LOGICAL AND
M^^^	⋀	短縮よみ	U+22C0 N-ARY LOGICAL AND
M＾＾＾	⋀	短縮よみ	U+22C0 N-ARY LOGICAL AND
vvv	⋁	短縮よみ	U+22C1 N-ARY LOGICAL OR
Mvvv	⋁	短縮よみ	U+22C1 N-ARY LOGICAL OR
nn	∩	短縮よみ	U+2229 INTERSECTION
Mnn	∩	短縮よみ	U+2229 INTERSECTION
uu	∪	短縮よみ	U+222A UNION
Muu	∪	短縮よみ	U+222A UNION
nnn	⋂	短縮よみ	U+22C2 N-ARY INTERSECTION
Mnnn	⋂	短縮よみ	U+22C2 N-ARY INTERSECTION
uuu	⋃	短縮よみ	U+22C3 N-ARY UNION
Muuu	⋃	短縮よみ	U+22C3 N-ARY UNION
O/	∅	短縮よみ	U+2205 EMPTY SET
O／	∅	短縮よみ	U+2205 EMPTY SET
MO/	∅	短縮よみ	U+2205 EMPTY SET
MO／	∅	短縮よみ	U+2205 EMPTY SET
:.	∴	短縮よみ	U+2234 THEREFORE
：．	∴	短縮よみ	U+2234 THEREFORE
M:.	∴	短縮よみ	U+2234 THEREFORE
M：．	∴	短縮よみ	U+2234 THEREFORE
:'	∵	短縮よみ	U+2235 BECAUSE
：＇	∵	短縮よみ	U+2235 BECAUSE
M:'	∵	短縮よみ	U+2235 BECAUSE
M：＇	∵	短縮よみ	U+2235 BECAUSE
/_	∠	短縮よみ	U+2220 ANGLE
／＿	∠	短縮よみ	U+2220 ANGLE
M/_	∠	短縮よみ	U+2220 ANGLE
M／＿	∠	短縮よみ	U+2220 ANGLE
/_\	△	短縮よみ	U+25B3 WHITE UP-POINTING TRIANGLE
／＿＼	△	短縮よみ	U+25B3 WHITE UP-POINTING TRIANGLE
／＿￥	△	短縮よみ	U+25B3 WHITE UP-POINTING TRIANGLE
M/_\	△	短縮よみ	U+25B3 WHITE UP-POINTING TRIANGLE
M／＿＼	△	短縮よみ	U+25B3 WHITE UP-POINTING TRIANGLE
M／＿￥	△	短縮よみ	U+25B3 WHITE UP-POINTING TRIANGLE
|__	⌊	短縮よみ	U+230A LEFT FLOOR
｜＿＿	⌊	短縮よみ	U+230A LEFT FLOOR
M|__	⌊	短縮よみ	U+230A LEFT FLOOR
M｜＿＿	⌊	短縮よみ	U+230A LEFT FLOOR
__|	⌋	短縮よみ	U+230B RIGHT FLOOR
＿＿｜	⌋	短縮よみ	U+230B RIGHT FLOOR
M__|	⌋	短縮よみ	U+230B RIGHT FLOOR
M＿＿｜	⌋	短縮よみ	U+230B RIGHT FLOOR
|~	⌈	短縮よみ	U+2308 LEFT CEILING
｜～	⌈	短縮よみ	U+2308 LEFT CEILING
M|~	⌈	短縮よみ	U+2308 LEFT CEILING
M｜～	⌈	短縮よみ	U+2308 LEFT CEILING
~|	⌉	短縮よみ	U+2309 RIGHT CEILING
～｜	⌉	短縮よみ	U+2309 RIGHT CEILING
M~|	⌉	短縮よみ	U+2309 RIGHT CEILING
M～｜	⌉	短縮よみ	U+2309 RIGHT CEILING
(:	⟨	短縮よみ	U+27E8 MATHEMATICAL LEFT ANGLE BRACKET
（：	⟨	短縮よみ	U+27E8 MATHEMATICAL LEFT ANGLE BRACKET
M(:	⟨	短縮よみ	U+27E8 MATHEMATICAL LEFT ANGLE BRACKET
M（：	⟨	短縮よみ	U+27E8 MATHEMATICAL LEFT ANGLE BRACKET
:)	⟩	短縮よみ	U+27E9 MATHEMATICAL RIGHT ANGLE BRACKET
：）	⟩	短縮よみ	U+27E9 MATHEMATICAL RIGHT ANGLE BRACKET
M:)	⟩	短縮よみ	U+27E9 MATHEMATICAL RIGHT ANGLE BRACKET
M：）	⟩	短縮よみ	U+27E9 MATHEMATICAL RIGHT ANGLE BRACKET
|--	⊢	短縮よみ	U+22A2 RIGHT TACK
｜－－	⊢	短縮よみ	U+22A2 RIGHT TACK
｜ーー	⊢	短縮よみ	U+22A2 RIGHT TACK
M|--	⊢	短縮よみ	U+22A2 RIGHT TACK
M｜－－	⊢	短縮よみ	U+22A2 RIGHT TACK
M｜ーー	⊢	短縮よみ	U+22A2 RIGHT TACK
|==	⊨	短縮よみ	U+22A8 TRUE
｜＝＝	⊨	短縮よみ	U+22A8 TRUE
M|==	⊨	短縮よみ	U+22A8 TRUE
M｜＝＝	⊨	短縮よみ	U+22A8 TRUE
_|_	⊥	短縮よみ	U+22A5 UP TACK
＿｜＿	⊥	短縮よみ	U+22A5 UP TACK
M_|_	⊥	短縮よみ	U+22A5 UP TACK
M＿｜＿	⊥	短縮よみ	U+22A5 UP TACK
sublettera	ₐ	短縮よみ	U+2090 LATIN SUBSCRIPT SMALL LETTER A
Msublettera	ₐ	短縮よみ	U+2090 LATIN SUBSCRIPT SMALL LETTER A
sublettere	ₑ	短縮よみ	U+2091 LATIN SUBSCRIPT SMALL LETTER E
Msublettere	ₑ	短縮よみ	U+2091 LATIN SUBSCRIPT SMALL LETTER E
subletterh	ₕ	短縮よみ	U+2095 LATIN SUBSCRIPT SMALL LETTER H
Msubletterh	ₕ	短縮よみ	U+2095 LATIN SUBSCRIPT SMALL LETTER H
subletteri	ᵢ	短縮よみ	U+1D62 LATIN SUBSCRIPT SMALL LETTER I
Msubletteri	ᵢ	短縮よみ	U+1D62 LATIN SUBSCRIPT SMALL LETTER I
subletterj	ⱼ	短縮よみ	U+2C7C LATIN SUBSCRIPT SMALL LETTER J
Msubletterj	ⱼ	短縮よみ	U+2C7C LATIN SUBSCRIPT SMALL LETTER J
subletterk	ₖ	短縮よみ	U+2096 LATIN SUBSCRIPT SMALL LETTER K
Msubletterk	ₖ	短縮よみ	U+2096 LATIN SUBSCRIPT SMALL LETTER K
subletterl	ₗ	短縮よみ	U+2097 LATIN SUBSCRIPT SMALL LETTER L
Msubletterl	ₗ	短縮よみ	U+2097 LATIN SUBSCRIPT SMALL LETTER L
subletterm	ₘ	短縮よみ	U+2098 LATIN SUBSCRIPT SMALL LETTER M
Msubletterm	ₘ	短縮よみ	U+2098 LATIN SUBSCRIPT SMALL LETTER M
sublettern	ₙ	短縮よみ	U+2099 LATIN SUBSCRIPT SMALL LETTER N
Msublettern	ₙ	短縮よみ	U+2099 LATIN SUBSCRIPT SMALL LETTER N
sublettero	ₒ	短縮よみ	U+2092 LATIN SUBSCRIPT SMALL LETTER O
Msublettero	ₒ	短縮よみ	U+2092 LATIN SUBSCRIPT SMALL LETTER O
subletterp	ₚ	短縮よみ	U+209A LATIN SUBSCRIPT SMALL LETTER P
Msubletterp	ₚ	短縮よみ	U+209A LATIN SUBSCRIPT SMALL LETTER P
subletterr	ᵣ	短縮よみ	U+1D63 LATIN SUBSCRIPT SMALL LETTER R
Msubletterr	ᵣ	短縮よみ	U+1D63 LATIN SUBSCRIPT SMALL LETTER R
subletters	ₛ	短縮よみ	U+209B LATIN SUBSCRIPT SMALL LETTER S
Msubletters	ₛ	短縮よみ	U+209B LATIN SUBSCRIPT SMALL LETTER S
sublettert	ₜ	短縮よみ	U+209C LATIN SUBSCRIPT SMALL LETTER T
Msublettert	ₜ	短縮よみ	U+209C LATIN SUBSCRIPT SMALL LETTER T
subletteru	ᵤ	短縮よみ	U+1D64 LATIN SUBSCRIPT SMALL LETTER U
Msubletteru	ᵤ	短縮よみ	U+1D64 LATIN SUBSCRIPT SMALL LETTER U
subletterv	ᵥ	短縮よみ	U+1D65 LATIN SUBSCRIPT SMALL LETTER V
Msubletterv	ᵥ	短縮よみ	U+1D65 LATIN SUBSCRIPT SMALL LETTER V
subletterx	ₓ	短縮よみ	U+2093 LATIN SUBSCRIPT SMALL LETTER X
Msubletterx	ₓ	短縮よみ	U+2093 LATIN SUBSCRIPT SMALL LETTER X
1/2	½	短縮よみ	U+00BD VULGAR FRACTION ONE HALF
１／２	½	短縮よみ	U+00BD VULGAR FRACTION ONE HALF
M1/2	½	短縮よみ	U+00BD VULGAR FRACTION ONE HALF
M１／２	½	短縮よみ	U+00BD VULGAR FRACTION ONE HALF
1/3	⅓	短縮よみ	U+2153 VULGAR FRACTION ONE THIRD
１／３	⅓	短縮よみ	U+2153 VULGAR FRACTION ONE THIRD
M1/3	⅓	短縮よみ	U+2153 VULGAR FRACTION ONE THIRD
M１／３	⅓	短縮よみ	U+2153 VULGAR FRACTION ONE THIRD
2/3	⅔	短縮よみ	U+2154 VULGAR FRACTION TWO THIRDS
２／３	⅔	短縮よみ	U+2154 VULGAR FRACTION TWO THIRDS
M2/3	⅔	短縮よみ	U+2154 VULGAR FRACTION TWO THIRDS
M２／３	⅔	短縮よみ	U+2154 VULGAR FRACTION TWO THIRDS
1/4	¼	短縮よみ	U+00BC VULGAR FRACTION ONE QUARTER
１／４	¼	短縮よみ	U+00BC VULGAR FRACTION ONE QUARTER
M1/4	¼	短縮よみ	U+00BC VULGAR FRACTION ONE QUARTER
M１／４	¼	短縮よみ	U+00BC VULGAR FRACTION ONE QUARTER
3/4	¾	短縮よみ	U+00BE VULGAR FRACTION THREE QUARTERS
３／４	¾	短縮よみ	U+00BE VULGAR FRACTION THREE QUARTERS
M3/4	¾	短縮よみ	U+00BE VULGAR FRACTION THREE QUARTERS
M３／４	¾	短縮よみ	U+00BE VULGAR FRACTION THREE QUARTERS
1/5	⅕	短縮よみ	U+2155 VULGAR FRACTION ONE FIFTH
１／５	⅕	短縮よみ	U+2155 VULGAR FRACTION ONE FIFTH
M1/5	⅕	短縮よみ	U+2155 VULGAR FRACTION ONE FIFTH
M１／５	⅕	短縮よみ	U+2155 VULGAR FRACTION ONE FIFTH
2/5	⅖	短縮よみ	U+2156 VULGAR FRACTION TWO FIFTHS
２／５	⅖	短縮よみ	U+2156 VULGAR FRACTION TWO FIFTHS
M2/5	⅖	短縮よみ	U+2156 VULGAR FRACTION TWO FIFTHS
M２／５	⅖	短縮よみ	U+2156 VULGAR FRACTION TWO FIFTHS
3/5	⅗	短縮よみ	U+2157 VULGAR FRACTION THREE FIFTHS
３／５	⅗	短縮よみ	U+2157 VULGAR FRACTION THREE FIFTHS
M3/5	⅗	短縮よみ	U+2157 VULGAR FRACTION THREE FIFTHS
M３／５	⅗	短縮よみ	U+2157 VULGAR FRACTION THREE FIFTHS
4/5	⅘	短縮よみ	U+2158 VULGAR FRACTION FOUR FIFTHS
４／５	⅘	短縮よみ	U+2158 VULGAR FRACTION FOUR FIFTHS
M4/5	⅘	短縮よみ	U+2158 VULGAR FRACTION FOUR FIFTHS
M４／５	⅘	短縮よみ	U+2158 VULGAR FRACTION FOUR FIFTHS
1/6	⅙	短縮よみ	U+2159 VULGAR FRACTION ONE SIXTH
１／６	⅙	短縮よみ	U+2159 VULGAR FRACTION ONE SIXTH
M1/6	⅙	短縮よみ	U+2159 VULGAR FRACTION ONE SIXTH
M１／６	⅙	短縮よみ	U+2159 VULGAR FRACTION ONE SIXTH
5/6	⅚	短縮よみ	U+215A VULGAR FRACTION FIVE SIXTHS
５／６	⅚	短縮よみ	U+215A VULGAR FRACTION FIVE SIXTHS
M5/6	⅚	短縮よみ	U+215A VULGAR FRACTION FIVE SIXTHS
M５／６	⅚	短縮よみ	U+215A VULGAR FRACTION FIVE SIXTHS
1/8	⅛	短縮よみ	U+215B VULGAR FRACTION ONE EIGHTH
１／８	⅛	短縮よみ	U+215B VULGAR FRACTION ONE EIGHTH
M1/8	⅛	短縮よみ	U+215B VULGAR FRACTION ONE EIGHTH
M１／８	⅛	短縮よみ	U+215B VULGAR FRACTION ONE EIGHTH
3/8	⅜	短縮よみ	U+215C VULGAR FRACTION THREE EIGHTHS
３／８	⅜	短縮よみ	U+215C VULGAR FRACTION THREE EIGHTHS
M3/8	⅜	短縮よみ	U+215C VULGAR FRACTION THREE EIGHTHS
M３／８	⅜	短縮よみ	U+215C VULGAR FRACTION THREE EIGHTHS
5/8	⅝	短縮よみ	U+215D VULGAR FRACTION FIVE EIGHTHS
５／８	⅝	短縮よみ	U+215D VULGAR FRACTION FIVE EIGHTHS
M5/8	⅝	短縮よみ	U+215D VULGAR FRACTION FIVE EIGHTHS
M５／８	⅝	短縮よみ	U+215D VULGAR FRACTION FIVE EIGHTHS
7/8	⅞	短縮よみ	U+215E VULGAR FRACTION SEVEN EIGHTHS
７／８	⅞	短縮よみ	U+215E VULGAR FRACTION SEVEN EIGHTHS
M7/8	⅞	短縮よみ	U+215E VULGAR FRACTION SEVEN EIGHTHS
M７／８	⅞	短縮よみ	U+215E VULGAR FRACTION SEVEN EIGHTHS
notleq	≰	短縮よみ	U+2270 NEITHER LESS-THAN NOR EQUAL TO
Notleq	≰	短縮よみ	U+2270 NEITHER LESS-THAN NOR EQUAL TO
Mnotleq	≰	短縮よみ	U+2270 NEITHER LESS-THAN NOR EQUAL TO
nleq	≰	短縮よみ	U+2270 NEITHER LESS-THAN NOR EQUAL TO
Nleq	≰	短縮よみ	U+2270 NEITHER LESS-THAN NOR EQUAL TO
Mnleq	≰	短縮よみ	U+2270 NEITHER LESS-THAN NOR EQUAL TO
notgeq	≱	短縮よみ	U+2271 NEITHER GREATER-THAN NOR EQUAL TO
Notgeq	≱	短縮よみ	U+2271 NEITHER GREATER-THAN NOR EQUAL TO
Mnotgeq	≱	短縮よみ	U+2271 NEITHER GREATER-THAN NOR EQUAL TO
ngeq	≱	短縮よみ	U+2271 NEITHER GREATER-THAN NOR EQUAL TO
Ngeq	≱	短縮よみ	U+2271 NEITHER GREATER-THAN NOR EQUAL TO
Mngeq	≱	短縮よみ	U+2271 NEITHER GREATER-THAN NOR EQUAL TO
lt.eq.not	≰	短縮よみ	U+2270 NEITHER LESS-THAN NOR EQUAL TO
Mlt.eq.not	≰	短縮よみ	U+2270 NEITHER LESS-THAN NOR EQUAL TO
Mlt．eq．not	≰	短縮よみ	U+2270 NEITHER LESS-THAN NOR EQUAL TO
gt.eq.not	≱	短縮よみ	U+2271 NEITHER GREATER-THAN NOR EQUAL TO
Mgt.eq.not	≱	短縮よみ	U+2271 NEITHER GREATER-THAN NOR EQUAL TO
Mgt．eq．not	≱	短縮よみ	U+2271 NEITHER GREATER-THAN NOR EQUAL TO
